participant_id,transcript,question,domain,order,y_primary,y_secondary,y_sign
p-0001,11,Little Red Dots,astrophysics,0,1.734601055388106,0.8873031950009029,1.0
p-0002,16,Database deletion,coding,0,-0.8472978603872036,-0.8472978603872036,0.0
p-0003,20,Prefix-sum,coding,1,-2.94443897916644,-1.84582669049833,0.0
p-0004,13,Rust,coding,1,0.6190392084062236,0.6190392084062236,1.0
p-0005,8,Internal Temperature of Stars,brainteasers,1,2.19722457733622,1.578185368929996,1.0
p-0006,11,Little Red Dots,astrophysics,0,1.658228076603532,0.8109302162163288,1.0
p-0007,8,Internal Temperature of Stars,brainteasers,0,-0.0800427076735365,0.9145798674705254,1.0
p-0008,19,Prefix-sum,coding,1,1.734601055388106,1.533930359925955,1.0
p-0009,14,Rust,coding,1,0.8472978603872034,0.8472978603872034,1.0
p-0010,18,ORM library,coding,0,-0.8472978603872036,-0.8472978603872036,0.0
p-0011,9,Large Linear Structure,astrophysics,1,1.386294361119891,2.005333569526115,1.0
p-0012,23,Switch,brainteasers,1,-0.8953840470548413,-0.3200199021512795,0.0
p-0013,18,ORM library,coding,0,1.815289966638249,0.6626104566998634,1.0
p-0014,13,Rust,coding,0,4.595119850134589,4.595119850134589,1.0
p-0015,5,Graviational Lens Modelling,astrophysics,0,2.19722457733622,0.8109302162163288,1.0
p-0016,10,Large Linear Structure,astrophysics,1,-1.09861228866811,0.0,
p-0017,7,Internal Temperature of Stars,brainteasers,1,2.19722457733622,2.397895272798371,1.0
p-0018,23,Switch,brainteasers,0,1.09861228866811,-0.287682072451781,0.0
p-0019,8,Internal Temperature of Stars,brainteasers,0,3.891820298110626,2.157219242722519,1.0
p-0020,2,Bergs,brainteasers,0,0.8472978603872034,1.694595720774407,1.0
p-0021,14,Rust,coding,1,0.5753641449035619,0.1698990367953977,1.0
p-0022,2,Bergs,brainteasers,0,-0.8472978603872036,0.4183685129440723,1.0
p-0023,1,Bergs,brainteasers,1,-2.197224577336219,-1.578185368929996,0.0
p-0024,23,Switch,brainteasers,1,1.208311205924534,2.793938469664916,1.0
p-0025,8,Internal Temperature of Stars,brainteasers,1,-0.3227733922630512,0.04119198493836074,1.0
p-0026,11,Little Red Dots,astrophysics,1,-1.386294361119891,-1.791759469228055,0.0
p-0027,2,Bergs,brainteasers,0,0.0,0.4054651081081643,1.0
p-0028,12,Little Red Dots,astrophysics,1,0.6190392084062236,0.4183685129440722,1.0
p-0029,8,Internal Temperature of Stars,brainteasers,1,1.09861228866811,1.299282984130261,1.0
p-0030,2,Bergs,brainteasers,0,2.19722457733622,3.044522437723423,1.0
p-0031,1,Bergs,brainteasers,1,1.386294361119891,-1.200394982978052,0.0
p-0032,12,Little Red Dots,astrophysics,0,1.09861228866811,0.6931471805599456,1.0
p-0033,9,Large Linear Structure,astrophysics,1,1.152679509938386,1.55814461804655,1.0
p-0034,24,Switch,brainteasers,0,0.2006706954621514,-0.2047944126460128,0.0
p-0035,16,Database deletion,coding,0,-1.386294361119891,-1.185623665657739,0.0
p-0036,9,Large Linear Structure,astrophysics,0,1.09861228866811,1.761906506078374,1.0
p-0037,22,Probability puzzle,brainteasers,0,-4.59511985013459,0.0,
p-0038,13,Rust,coding,1,-1.734601055388106,-2.35364026379433,0.0
p-0039,4,Early Universe Galaxies,astrophysics,0,0.2006706954621514,0.0,
p-0040,24,Switch,brainteasers,0,2.19722457733622,0.4626235219481132,1.0
p-0041,6,Graviational Lens Modelling,astrophysics,1,1.208311205924534,1.962083008300914,1.0
p-0042,23,Switch,brainteasers,1,1.09861228866811,0.4795730802618862,1.0
p-0043,4,Early Universe Galaxies,astrophysics,0,1.386294361119891,0.0,
p-0044,10,Large Linear Structure,astrophysics,0,-0.3227733922630512,0.08269171584511309,1.0
p-0045,3,Early Universe Galaxies,astrophysics,1,-0.7537718023763801,-0.9544424978385315,0.0
p-0046,11,Little Red Dots,astrophysics,1,0.4054651081081642,0.4054651081081642,1.0
p-0047,19,Prefix-sum,coding,0,2.944438979166439,2.412222165419131,1.0
p-0048,3,Early Universe Galaxies,astrophysics,0,0.4054651081081642,0.4054651081081642,1.0
p-0049,3,Early Universe Galaxies,astrophysics,0,1.09861228866811,0.4795730802618862,1.0
p-0050,14,Rust,coding,0,-0.8001193001121131,-1.332336113859421,0.0
p-0051,17,ORM library,coding,0,1.386294361119891,0.0,
p-0052,10,Large Linear Structure,astrophysics,1,0.8472978603872034,1.047968555849355,1.0
p-0053,8,Internal Temperature of Stars,brainteasers,0,0.4054651081081642,0.3254224004346277,1.0
p-0054,2,Bergs,brainteasers,1,-0.6190392084062235,0.04425500900404045,1.0
p-0055,16,Database deletion,coding,1,-0.7081850579244856,-0.0891458495182621,0.0
p-0056,11,Little Red Dots,astrophysics,1,-0.2006706954621512,0.204794412646013,1.0
p-0057,24,Switch,brainteasers,0,0.3639653772014115,0.3239600425877123,1.0
p-0058,22,Probability puzzle,brainteasers,1,-1.815289966638249,0.38193461069797,1.0
p-0059,5,Graviational Lens Modelling,astrophysics,1,0.2818511521409875,0.08118045667883608,1.0
p-0060,13,Rust,coding,0,2.751535313041948,2.751535313041948,1.0
p-0061,15,Database deletion,coding,0,-0.4054651081081643,-0.204794412646013,0.0
p-0062,3,Early Universe Galaxies,astrophysics,0,-0.9946225751440619,-2.319547989887661,0.0
p-0063,7,Internal Temperature of Stars,brainteasers,0,0.2006706954621514,0.6061358035703157,1.0
p-0064,12,Little Red Dots,astrophysics,0,-0.4054651081081643,0.0,
p-0065,11,Little Red Dots,astrophysics,1,0.3227733922630509,-0.08269171584511337,0.0
p-0066,4,Early Universe Galaxies,astrophysics,1,0.2006706954621514,0.2006706954621514,1.0
p-0067,1,Bergs,brainteasers,1,-2.197224577336219,-1.349926716949016,0.0
p-0068,12,Little Red Dots,astrophysics,1,0.4054651081081642,0.2047944126460128,1.0
p-0069,5,Graviational Lens Modelling,astrophysics,0,-2.197224577336219,-1.996553881874068,0.0
p-0070,1,Bergs,brainteasers,1,1.09861228866811,1.380463440809098,1.0
p-0071,12,Little Red Dots,astrophysics,0,0.0,0.0,
p-0072,17,ORM library,coding,1,1.386294361119891,1.386294361119891,1.0
p-0073,19,Prefix-sum,coding,0,-1.658228076603532,-2.063693184711696,0.0
p-0074,21,Probability puzzle,brainteasers,1,-1.09861228866811,0.0,
p-0075,7,Internal Temperature of Stars,brainteasers,0,1.734601055388106,1.734601055388106,1.0
p-0076,24,Switch,brainteasers,0,-0.6190392084062235,-0.2135741002980592,0.0
p-0077,11,Little Red Dots,astrophysics,0,0.2006706954621514,-0.2047944126460128,0.0
p-0078,2,Bergs,brainteasers,0,0.7537718023763803,0.7537718023763803,1.0
p-0079,14,Rust,coding,1,4.595119850134589,2.860518794746483,1.0
p-0080,16,Database deletion,coding,1,-2.197224577336219,-1.578185368929996,0.0
p-0081,16,Database deletion,coding,0,-4.59511985013459,-3.49650756146648,0.0
p-0082,4,Early Universe Galaxies,astrophysics,0,0.0,1.386294361119891,1.0
p-0083,2,Bergs,brainteasers,1,-0.2818511521409879,-0.2818511521409879,0.0
p-0084,8,Internal Temperature of Stars,brainteasers,0,0.0,-0.2006706954621514,0.0
p-0085,7,Internal Temperature of Stars,brainteasers,0,0.5753641449035619,0.3746934494414105,1.0
p-0086,19,Prefix-sum,coding,1,0.4054651081081642,0.4054651081081642,1.0
p-0087,4,Early Universe Galaxies,astrophysics,0,-1.386294361119891,-3.120895416507997,0.0
p-0088,18,ORM library,coding,0,-2.197224577336219,-1.791759469228055,0.0
p-0089,24,Switch,brainteasers,0,0.2006706954621514,0.6061358035703157,1.0
p-0090,5,Graviational Lens Modelling,astrophysics,0,-1.09861228866811,-1.299282984130261,0.0
p-0091,18,ORM library,coding,0,-0.8472978603872036,0.2513144282809062,1.0
p-0092,9,Large Linear Structure,astrophysics,1,0.8472978603872034,0.8472978603872034,1.0
p-0093,7,Internal Temperature of Stars,brainteasers,1,0.2006706954621514,-0.2047944126460128,0.0
p-0094,24,Switch,brainteasers,1,-0.1201443118420633,0.3694039134766425,1.0
p-0095,12,Little Red Dots,astrophysics,1,1.208311205924534,0.2638495970836829,1.0
p-0096,24,Switch,brainteasers,0,1.734601055388106,0.8873031950009029,1.0
p-0097,19,Prefix-sum,coding,1,0.4054651081081642,0.0,
p-0098,10,Large Linear Structure,astrophysics,1,-0.4054651081081643,-0.4054651081081643,0.0
p-0099,4,Early Universe Galaxies,astrophysics,1,0.4473122180436648,0.04184710993550061,1.0
p-0100,22,Probability puzzle,brainteasers,0,-4.59511985013459,-9.190239700269178,0.0
p-0101,14,Rust,coding,0,2.751535313041948,2.132496104635724,1.0
p-0102,7,Internal Temperature of Stars,brainteasers,1,1.734601055388106,1.734601055388106,1.0
p-0103,17,ORM library,coding,0,0.0,0.0,
p-0104,15,Database deletion,coding,0,-0.6190392084062235,0.2282586519809801,1.0
p-0105,19,Prefix-sum,coding,0,-0.2006706954621512,-0.6061358035703155,0.0
p-0106,18,ORM library,coding,0,-3.891820298110626,-3.609969145969639,0.0
p-0107,17,ORM library,coding,0,0.7537718023763803,0.8338145100499168,1.0
p-0108,6,Graviational Lens Modelling,astrophysics,0,-1.09861228866811,-1.09861228866811,0.0
p-0109,10,Large Linear Structure,astrophysics,1,0.0,0.5322168137473082,1.0
p-0110,5,Graviational Lens Modelling,astrophysics,0,0.8472978603872034,1.466337068793427,1.0
p-0111,6,Graviational Lens Modelling,astrophysics,0,-0.3227733922630512,-0.7282385003712154,0.0
p-0112,12,Little Red Dots,astrophysics,1,-0.3227733922630512,-0.5234440877252026,0.0
p-0113,10,Large Linear Structure,astrophysics,1,0.0,0.0,
p-0114,22,Probability puzzle,brainteasers,1,-1.386294361119891,-0.4909103140650493,0.0
p-0115,5,Graviational Lens Modelling,astrophysics,0,-0.2006706954621512,-0.2006706954621512,0.0
p-0116,9,Large Linear Structure,astrophysics,0,-0.1201443118420633,0.2438210653593486,1.0
p-0117,17,ORM library,coding,0,1.09861228866811,1.717651497074333,1.0
p-0118,18,ORM library,coding,0,0.9444616088408513,0.9444616088408513,1.0
p-0119,23,Switch,brainteasers,0,1.152679509938386,0.5773153650348236,1.0
p-0120,3,Early Universe Galaxies,astrophysics,0,0.08004270767353656,0.08004270767353656,1.0
p-0121,7,Internal Temperature of Stars,brainteasers,0,0.2006706954621514,-0.646627164925052,0.0
p-0122,24,Switch,brainteasers,1,-0.2006706954621512,0.204794412646013,1.0
p-0123,7,Internal Temperature of Stars,brainteasers,0,-0.4054651081081643,0.0,
p-0124,17,ORM library,coding,1,0.0,-0.4054651081081642,0.0
p-0125,8,Internal Temperature of Stars,brainteasers,1,0.6190392084062236,0.6190392084062236,1.0
p-0126,12,Little Red Dots,astrophysics,1,-2.197224577336219,-0.8109302162163285,0.0
p-0127,8,Internal Temperature of Stars,brainteasers,1,0.6190392084062236,-0.4795730802618862,0.0
p-0128,6,Graviational Lens Modelling,astrophysics,0,1.386294361119891,2.005333569526115,1.0
p-0129,17,ORM library,coding,1,3.178053830347945,-1.417066019786644,0.0
p-0130,22,Probability puzzle,brainteasers,0,-4.59511985013459,-6.329720905522696,0.0
p-0131,6,Graviational Lens Modelling,astrophysics,1,0.6190392084062236,-0.04425500900404067,0.0
p-0132,7,Internal Temperature of Stars,brainteasers,1,0.6190392084062236,0.5790338737925245,1.0
p-0133,13,Rust,coding,1,0.0,0.0,
p-0134,18,ORM library,coding,0,0.4054651081081642,0.6061358035703155,1.0
p-0135,12,Little Red Dots,astrophysics,0,0.2006706954621514,0.2006706954621514,1.0
p-0136,6,Graviational Lens Modelling,astrophysics,1,0.4054651081081642,0.8109302162163285,1.0
p-0137,11,Little Red Dots,astrophysics,1,0.4054651081081642,1.504077396776274,1.0
p-0138,18,ORM library,coding,0,-0.2006706954621512,0.0,
p-0139,16,Database deletion,coding,0,0.4054651081081642,0.0,
p-0140,17,ORM library,coding,1,-1.324925414743599,-1.124254719281447,0.0
p-0141,4,Early Universe Galaxies,astrophysics,1,0.2006706954621514,-0.8979415932059583,0.0
p-0142,16,Database deletion,coding,1,0.2006706954621514,0.819709903868375,1.0
p-0143,14,Rust,coding,1,2.19722457733622,1.09861228866811,1.0
p-0144,23,Switch,brainteasers,1,0.2006706954621514,-0.646627164925052,0.0
p-0145,3,Early Universe Galaxies,astrophysics,1,-0.4054651081081643,-0.6061358035703157,0.0
p-0146,5,Graviational Lens Modelling,astrophysics,1,-0.8472978603872036,-1.252762968495368,0.0
p-0147,3,Early Universe Galaxies,astrophysics,1,2.19722457733622,2.19722457733622,1.0
p-0148,19,Prefix-sum,coding,1,-0.8472978603872036,-0.8472978603872036,0.0
p-0149,3,Early Universe Galaxies,astrophysics,1,-0.4054651081081643,-0.6061358035703157,0.0
p-0150,8,Internal Temperature of Stars,brainteasers,1,0.4054651081081642,0.365459773494465,1.0
p-0151,18,ORM library,coding,1,-0.4054651081081643,-0.204794412646013,0.0
p-0152,4,Early Universe Galaxies,astrophysics,0,1.152679509938386,-0.2336148511815053,0.0
p-0153,17,ORM library,coding,1,-0.6190392084062235,-0.4183685129440723,0.0
p-0154,2,Bergs,brainteasers,0,2.442347035369205,2.078381658167794,1.0
p-0155,18,ORM library,coding,0,-0.2006706954621512,0.4183685129440723,1.0
p-0156,2,Bergs,brainteasers,0,-0.4054651081081643,-0.4054651081081643,0.0
p-0157,24,Switch,brainteasers,1,1.09861228866811,1.09861228866811,1.0
p-0158,13,Rust,coding,1,2.442347035369205,2.442347035369205,1.0
p-0159,13,Rust,coding,0,2.19722457733622,1.349926716949016,1.0
p-0160,13,Rust,coding,0,0.08004270767353656,-0.1206279877886148,0.0
p-0161,4,Early Universe Galaxies,astrophysics,1,-0.4054651081081643,-0.8109302162163285,0.0
p-0162,15,Database deletion,coding,0,-0.3639653772014119,-0.1228033203845238,0.0
p-0163,23,Switch,brainteasers,0,0.6190392084062236,0.2135741002980594,1.0
p-0164,23,Switch,brainteasers,0,-2.94443897916644,-2.538973871058276,0.0
p-0165,19,Prefix-sum,coding,1,1.386294361119891,0.5389965007326873,1.0
p-0166,4,Early Universe Galaxies,astrophysics,0,-0.5322168137473082,-0.8140679658882957,0.0
p-0167,4,Early Universe Galaxies,astrophysics,0,0.0,0.0,
p-0168,8,Internal Temperature of Stars,brainteasers,0,0.5753641449035619,-1.159236910484545,0.0
p-0169,14,Rust,coding,1,1.09861228866811,1.09861228866811,1.0
p-0170,4,Early Universe Galaxies,astrophysics,1,0.8953840470548413,0.8953840470548413,1.0
p-0171,11,Little Red Dots,astrophysics,0,0.8953840470548413,1.558678264465105,1.0
p-0172,7,Internal Temperature of Stars,brainteasers,1,1.09861228866811,-3.496507561466479,0.0
p-0173,17,ORM library,coding,0,1.09861228866811,0.8979415932059583,1.0
p-0174,11,Little Red Dots,astrophysics,0,1.09861228866811,1.945910149055313,1.0
p-0175,19,Prefix-sum,coding,0,2.442347035369205,2.322202723527142,1.0
p-0176,2,Bergs,brainteasers,1,-2.94443897916644,-3.349904087274604,0.0
p-0177,9,Large Linear Structure,astrophysics,0,1.734601055388106,1.774606390001806,1.0
p-0178,21,Probability puzzle,brainteasers,0,-2.94443897916644,-3.349904087274604,0.0
p-0179,3,Early Universe Galaxies,astrophysics,1,1.324925414743599,0.1722459048052132,1.0
p-0180,7,Internal Temperature of Stars,brainteasers,1,2.313634929180631,0.9273405680607403,1.0
p-0181,21,Probability puzzle,brainteasers,1,-1.09861228866811,-0.4795730802618863,0.0
p-0182,15,Database deletion,coding,1,-0.3639653772014119,0.04149973090675235,1.0
p-0183,9,Large Linear Structure,astrophysics,0,-0.2006706954621512,0.4183685129440723,1.0
p-0184,1,Bergs,brainteasers,0,-4.59511985013459,0.0,
p-0185,23,Switch,brainteasers,0,0.2006706954621514,-0.2047944126460128,0.0
p-0186,7,Internal Temperature of Stars,brainteasers,1,0.2006706954621514,-0.2047944126460128,0.0
p-0187,4,Early Universe Galaxies,astrophysics,0,0.7537718023763803,-0.09352605801082314,0.0
p-0188,7,Internal Temperature of Stars,brainteasers,1,2.944438979166439,2.944438979166439,1.0
p-0189,16,Database deletion,coding,0,-0.4054651081081643,-0.4054651081081643,0.0
p-0190,22,Probability puzzle,brainteasers,0,-4.59511985013459,-3.747821989747386,0.0
p-0191,16,Database deletion,coding,0,-0.4054651081081643,0.4418327522790393,1.0
p-0192,10,Large Linear Structure,astrophysics,1,0.6190392084062236,1.717651497074333,1.0
p-0193,3,Early Universe Galaxies,astrophysics,1,1.386294361119891,-0.3483066942682156,0.0
p-0194,9,Large Linear Structure,astrophysics,0,0.8472978603872034,1.047968555849355,1.0
p-0195,22,Probability puzzle,brainteasers,1,-4.59511985013459,-1.65068087096815,0.0
p-0196,19,Prefix-sum,coding,1,-0.6190392084062235,-0.3371880562652356,0.0
p-0197,1,Bergs,brainteasers,1,2.19722457733622,3.931825632724326,1.0
p-0198,13,Rust,coding,1,2.090741096933769,2.090741096933769,1.0
p-0199,8,Internal Temperature of Stars,brainteasers,1,4.595119850134589,4.79579054559674,1.0
p-0200,2,Bergs,brainteasers,0,2.19722457733622,1.791759469228055,1.0
p-0201,9,Large Linear Structure,astrophysics,0,-0.2818511521409879,0.5654467082462157,1.0
p-0202,15,Database deletion,coding,1,0.0,-1.09861228866811,0.0
p-0203,17,ORM library,coding,1,-4.59511985013459,-3.49650756146648,0.0
p-0204,22,Probability puzzle,brainteasers,0,-0.4054651081081643,0.6931471805599455,1.0
p-0205,6,Graviational Lens Modelling,astrophysics,1,-0.2006706954621512,0.204794412646013,1.0
p-0206,19,Prefix-sum,coding,0,1.734601055388106,1.533930359925955,1.0
p-0207,18,ORM library,coding,1,2.19722457733622,1.791759469228055,1.0
p-0208,8,Internal Temperature of Stars,brainteasers,0,-0.4054651081081643,-0.4054651081081643,0.0
p-0209,3,Early Universe Galaxies,astrophysics,0,0.2006706954621514,0.0,
p-0210,7,Internal Temperature of Stars,brainteasers,0,0.2006706954621514,0.2006706954621514,1.0
p-0211,2,Bergs,brainteasers,0,-0.2006706954621512,-0.1206279877886147,0.0
p-0212,2,Bergs,brainteasers,1,3.891820298110626,3.891820298110626,1.0
p-0213,16,Database deletion,coding,0,-0.4054651081081643,-0.4054651081081643,0.0
p-0214,6,Graviational Lens Modelling,astrophysics,1,-1.09861228866811,-0.8979415932059586,0.0
p-0215,11,Little Red Dots,astrophysics,1,1.386294361119891,0.0,
p-0216,12,Little Red Dots,astrophysics,0,-0.2006706954621512,-0.2006706954621512,0.0
p-0217,6,Graviational Lens Modelling,astrophysics,0,-0.4054651081081643,-0.4054651081081643,0.0
p-0218,12,Little Red Dots,astrophysics,1,0.4054651081081642,0.8109302162163285,1.0
p-0219,1,Bergs,brainteasers,0,0.9444616088408513,0.4549133835221455,1.0
p-0220,12,Little Red Dots,astrophysics,0,0.9444616088408513,0.2362765509163652,1.0
p-0221,7,Internal Temperature of Stars,brainteasers,1,0.4054651081081642,0.4054651081081642,1.0
p-0222,10,Large Linear Structure,astrophysics,0,0.8953840470548413,1.742681907442045,1.0
p-0223,19,Prefix-sum,coding,1,4.595119850134589,3.496507561466479,1.0
p-0224,6,Graviational Lens Modelling,astrophysics,1,-0.3639653772014119,-0.1228033203845238,0.0
p-0225,23,Switch,brainteasers,0,1.386294361119891,1.185623665657739,1.0
p-0226,1,Bergs,brainteasers,1,-0.8472978603872036,-0.8472978603872036,0.0
p-0227,17,ORM library,coding,1,0.708185057924486,0.708185057924486,1.0
p-0228,3,Early Universe Galaxies,astrophysics,0,-2.197224577336219,-1.098612288668109,0.0
p-0229,11,Little Red Dots,astrophysics,0,-0.2818511521409879,-0.2818511521409879,0.0
p-0230,10,Large Linear Structure,astrophysics,0,0.0,0.2006706954621512,1.0
p-0231,7,Internal Temperature of Stars,brainteasers,1,4.595119850134589,3.931825632724324,1.0
p-0232,19,Prefix-sum,coding,1,1.386294361119891,0.287682072451781,1.0
p-0233,11,Little Red Dots,astrophysics,1,3.178053830347945,2.330755969960741,1.0
p-0234,23,Switch,brainteasers,0,0.0,-0.8472978603872034,0.0
p-0235,2,Bergs,brainteasers,1,-1.386294361119891,-0.9808292530117263,0.0
p-0236,22,Probability puzzle,brainteasers,0,0.708185057924486,-0.2362765509163652,0.0
p-0237,4,Early Universe Galaxies,astrophysics,1,0.8472978603872034,-1.349926716949016,0.0
p-0238,5,Graviational Lens Modelling,astrophysics,1,-1.09861228866811,-0.6931471805599455,0.0
p-0239,12,Little Red Dots,astrophysics,1,-1.265666373331276,-1.064995677869125,0.0
p-0240,8,Internal Temperature of Stars,brainteasers,1,1.386294361119891,0.9808292530117266,1.0
p-0241,20,Prefix-sum,coding,0,-1.386294361119891,-1.506438672961954,0.0
p-0242,20,Prefix-sum,coding,0,-1.386294361119891,-1.386294361119891,0.0
p-0243,22,Probability puzzle,brainteasers,1,1.386294361119891,2.772588722239782,1.0
p-0244,1,Bergs,brainteasers,0,0.4054651081081642,0.8109302162163285,1.0
p-0245,10,Large Linear Structure,astrophysics,1,0.0,0.0,
p-0246,22,Probability puzzle,brainteasers,1,-0.1603426500751794,-1.154965225219241,0.0
p-0247,22,Probability puzzle,brainteasers,0,-1.152679509938386,-0.6204626961910773,0.0
p-0248,14,Rust,coding,0,0.4054651081081642,0.4054651081081642,1.0
p-0249,24,Switch,brainteasers,1,-0.2006706954621512,0.0,
p-0250,15,Database deletion,coding,1,0.0,-0.4473122180436648,0.0
p-0251,12,Little Red Dots,astrophysics,0,0.5322168137473082,-0.3150810466398952,0.0
p-0252,8,Internal Temperature of Stars,brainteasers,0,0.0,0.0,
p-0253,10,Large Linear Structure,astrophysics,0,-1.386294361119891,-0.2876820724517808,0.0
p-0254,8,Internal Temperature of Stars,brainteasers,0,0.0,-0.2006706954621514,0.0
p-0255,7,Internal Temperature of Stars,brainteasers,1,3.891820298110626,-0.7032995520239633,0.0
p-0256,15,Database deletion,coding,1,2.586689344097943,1.200394982978052,1.0
p-0257,7,Internal Temperature of Stars,brainteasers,1,4.595119850134589,3.747821989747385,1.0
p-0258,8,Internal Temperature of Stars,brainteasers,0,-0.6190392084062235,0.7672551527136671,1.0
p-0259,21,Probability puzzle,brainteasers,1,-0.9946225751440619,-0.9946225751440619,0.0
p-0260,8,Internal Temperature of Stars,brainteasers,1,1.450010175505999,1.450010175505999,1.0
p-0261,8,Internal Temperature of Stars,brainteasers,1,0.2006706954621514,0.2006706954621514,1.0
p-0262,13,Rust,coding,0,-0.6190392084062235,-0.6190392084062235,0.0
p-0263,7,Internal Temperature of Stars,brainteasers,0,-0.663294217410264,-1.068759325518428,0.0
p-0264,4,Early Universe Galaxies,astrophysics,1,0.7537718023763803,0.7537718023763803,1.0
p-0265,18,ORM library,coding,0,1.386294361119891,3.58351893845611,1.0
p-0266,14,Rust,coding,0,0.8472978603872034,0.7672551527136668,1.0
p-0267,17,ORM library,coding,0,-1.09861228866811,-0.4795730802618863,0.0
p-0268,10,Large Linear Structure,astrophysics,0,-1.152679509938386,1.044545067397834,1.0
p-0269,14,Rust,coding,1,2.944438979166439,2.743768283704288,1.0
p-0270,16,Database deletion,coding,1,-0.8472978603872036,-2.11296423371848,0.0
p-0271,8,Internal Temperature of Stars,brainteasers,0,1.386294361119891,0.9808292530117266,1.0
p-0272,21,Probability puzzle,brainteasers,0,0.2006706954621514,1.299282984130261,1.0
p-0273,14,Rust,coding,0,0.2006706954621514,0.2006706954621514,1.0
p-0274,8,Internal Temperature of Stars,brainteasers,1,0.4895482253187058,1.064912370222268,1.0
p-0275,7,Internal Temperature of Stars,brainteasers,1,1.386294361119891,1.386294361119891,1.0
p-0276,13,Rust,coding,0,-0.04000533461369925,-0.04000533461369925,0.0
p-0277,9,Large Linear Structure,astrophysics,0,0.4054651081081642,0.8109302162163285,1.0
p-0278,9,Large Linear Structure,astrophysics,1,-0.4054651081081643,0.5891574670358977,1.0
p-0279,21,Probability puzzle,brainteasers,0,0.708185057924486,0.9088557533866373,1.0
p-0280,6,Graviational Lens Modelling,astrophysics,1,0.8472978603872034,1.088459917204092,1.0
p-0281,22,Probability puzzle,brainteasers,0,0.0,0.0,
p-0282,23,Switch,brainteasers,1,-1.09861228866811,-1.504077396776274,0.0
p-0283,18,ORM library,coding,0,0.6632942174102643,0.2578291093021001,1.0
p-0284,22,Probability puzzle,brainteasers,0,1.658228076603532,0.0,
p-0285,2,Bergs,brainteasers,0,4.595119850134589,4.595119850134589,1.0
p-0286,8,Internal Temperature of Stars,brainteasers,0,2.19722457733622,2.317368889178283,1.0
p-0287,17,ORM library,coding,0,0.8472978603872034,1.694595720774407,1.0
p-0288,2,Bergs,brainteasers,0,-1.734601055388106,-1.329135947279942,0.0
p-0289,17,ORM library,coding,1,0.2006706954621514,0.080526383620088,1.0
p-0290,1,Bergs,brainteasers,1,-1.734601055388106,-1.734601055388106,0.0
p-0291,11,Little Red Dots,astrophysics,0,-0.2818511521409879,-0.5230132089578761,0.0
p-0292,21,Probability puzzle,brainteasers,0,-1.09861228866811,1.098612288668109,1.0
p-0293,14,Rust,coding,0,-1.09861228866811,-1.09861228866811,0.0
p-0294,12,Little Red Dots,astrophysics,0,0.3227733922630509,0.3627787268767501,1.0
p-0295,14,Rust,coding,0,4.595119850134589,4.595119850134589,1.0
p-0296,18,ORM library,coding,0,0.8472978603872034,0.2282586519809798,1.0
p-0297,8,Internal Temperature of Stars,brainteasers,0,4.595119850134589,4.595119850134589,1.0
p-0298,1,Bergs,brainteasers,1,0.4054651081081642,0.8109302162163285,1.0
p-0299,3,Early Universe Galaxies,astrophysics,1,-1.386294361119891,-1.791759469228055,0.0
p-0300,16,Database deletion,coding,1,0.708185057924486,0.2186368326057803,1.0
p-0301,12,Little Red Dots,astrophysics,1,1.09861228866811,1.09861228866811,1.0
p-0302,21,Probability puzzle,brainteasers,1,-2.197224577336219,0.0,
p-0303,23,Switch,brainteasers,0,0.1201443118420634,0.04010160416852684,1.0
p-0304,1,Bergs,brainteasers,1,0.4054651081081642,1.791759469228055,1.0
p-0305,24,Switch,brainteasers,1,2.19722457733622,2.19722457733622,1.0
p-0306,23,Switch,brainteasers,1,0.0,-0.2006706954621514,0.0
p-0307,21,Probability puzzle,brainteasers,1,1.900958761193047,1.900958761193047,1.0
p-0308,3,Early Universe Galaxies,astrophysics,1,0.4054651081081642,0.4054651081081642,1.0
p-0309,3,Early Universe Galaxies,astrophysics,1,1.208311205924534,1.208311205924534,1.0
p-0310,14,Rust,coding,1,2.944438979166439,1.84582669049833,1.0
p-0311,5,Graviational Lens Modelling,astrophysics,1,1.386294361119891,1.586965056582042,1.0
p-0312,7,Internal Temperature of Stars,brainteasers,0,1.09861228866811,0.6931471805599456,1.0
p-0313,8,Internal Temperature of Stars,brainteasers,0,0.4054651081081642,-0.4418327522790392,0.0
p-0314,21,Probability puzzle,brainteasers,0,-0.4054651081081643,0.2135741002980592,1.0
p-0315,12,Little Red Dots,astrophysics,0,0.3227733922630509,0.3227733922630509,1.0
p-0316,9,Large Linear Structure,astrophysics,0,0.6190392084062236,0.6190392084062236,1.0
p-0317,24,Switch,brainteasers,1,-0.2006706954621512,-1.047968555849355,0.0
p-0318,17,ORM library,coding,0,-0.8472978603872036,0.538996500732687,1.0
p-0319,21,Probability puzzle,brainteasers,0,2.586689344097943,1.592066768953881,1.0
p-0320,24,Switch,brainteasers,0,0.4054651081081642,0.4454704427218635,1.0
p-0321,3,Early Universe Galaxies,astrophysics,1,2.944438979166439,5.88887795833288,1.0
p-0322,14,Rust,coding,0,0.6190392084062236,0.2135741002980594,1.0
p-0323,16,Database deletion,coding,0,0.8472978603872034,0.8472978603872034,1.0
p-0324,14,Rust,coding,1,1.208311205924534,3.299052302858303,1.0
p-0325,3,Early Universe Galaxies,astrophysics,0,-0.8472978603872036,-0.8472978603872036,0.0
p-0326,10,Large Linear Structure,astrophysics,0,0.2006706954621514,0.2006706954621514,1.0
p-0327,10,Large Linear Structure,astrophysics,0,-0.6190392084062235,1.115561846981883,1.0
p-0328,24,Switch,brainteasers,0,0.8472978603872034,0.4418327522790392,1.0
p-0329,6,Graviational Lens Modelling,astrophysics,0,-0.663294217410264,-0.9860676096733147,0.0
p-0330,10,Large Linear Structure,astrophysics,0,1.386294361119891,1.42629969573359,1.0
p-0331,12,Little Red Dots,astrophysics,1,-0.3639653772014119,-0.3639653772014119,0.0
p-0332,19,Prefix-sum,coding,1,0.4054651081081642,0.2047944126460128,1.0
p-0333,13,Rust,coding,0,-0.4473122180436648,-0.1654610659026769,0.0
p-0334,4,Early Universe Galaxies,astrophysics,0,0.4895482253187058,-0.3577496350684977,0.0
p-0335,8,Internal Temperature of Stars,brainteasers,0,1.658228076603532,1.210915858559867,1.0
p-0336,16,Database deletion,coding,1,1.09861228866811,0.6931471805599456,1.0
p-0337,5,Graviational Lens Modelling,astrophysics,0,0.0,0.0,
p-0338,14,Rust,coding,0,0.4054651081081642,0.4054651081081642,1.0
p-0339,21,Probability puzzle,brainteasers,0,-0.4054651081081643,0.4418327522790393,1.0
p-0340,2,Bergs,brainteasers,1,1.734601055388106,0.8873031950009029,1.0
p-0341,4,Early Universe Galaxies,astrophysics,1,1.386294361119891,1.185623665657739,1.0
p-0342,19,Prefix-sum,coding,1,-0.6190392084062235,-1.717651497074333,0.0
p-0343,11,Little Red Dots,astrophysics,1,0.6190392084062236,0.4183685129440722,1.0
p-0344,17,ORM library,coding,1,2.944438979166439,2.824294667324376,1.0
p-0345,21,Probability puzzle,brainteasers,0,-1.900958761193047,-1.578185368929996,0.0
p-0346,6,Graviational Lens Modelling,astrophysics,0,0.0,0.8472978603872036,1.0
p-0347,10,Large Linear Structure,astrophysics,0,0.2411620568168882,0.2411620568168882,1.0
p-0348,20,Prefix-sum,coding,1,1.734601055388106,1.329135947279942,1.0
p-0349,18,ORM library,coding,1,-0.2006706954621512,-0.2006706954621512,0.0
p-0350,23,Switch,brainteasers,1,-0.6190392084062235,-0.2135741002980592,0.0
p-0351,14,Rust,coding,0,1.386294361119891,1.586965056582042,1.0
p-0352,8,Internal Temperature of Stars,brainteasers,0,2.944438979166439,1.558144618046549,1.0
p-0353,23,Switch,brainteasers,1,-0.2006706954621512,-0.0805263836200879,0.0
p-0354,14,Rust,coding,0,1.734601055388106,1.734601055388106,1.0
p-0355,19,Prefix-sum,coding,1,0.0,-0.1603426500751795,0.0
p-0356,5,Graviational Lens Modelling,astrophysics,1,-1.386294361119891,-0.2876820724517808,0.0
p-0357,19,Prefix-sum,coding,1,1.152679509938386,0.7472144018302214,1.0
p-0358,21,Probability puzzle,brainteasers,1,-2.94443897916644,0.0,
p-0359,14,Rust,coding,1,4.595119850134589,4.189654742026424,1.0
p-0360,5,Graviational Lens Modelling,astrophysics,1,-1.658228076603532,-0.5596157879354224,0.0
p-0361,2,Bergs,brainteasers,1,2.19722457733622,0.4626235219481132,1.0
p-0362,17,ORM library,coding,0,1.386294361119891,0.5389965007326873,1.0
p-0363,21,Probability puzzle,brainteasers,1,0.4054651081081642,5.000584958242754,1.0
p-0364,15,Database deletion,coding,1,2.19722457733622,1.621860432432658,1.0
p-0365,10,Large Linear Structure,astrophysics,0,0.4054651081081642,0.6061358035703155,1.0
p-0366,23,Switch,brainteasers,1,0.8472978603872034,0.4418327522790392,1.0
p-0367,13,Rust,coding,0,-1.09861228866811,-1.09861228866811,0.0
p-0368,6,Graviational Lens Modelling,astrophysics,0,0.0,0.0,
p-0369,7,Internal Temperature of Stars,brainteasers,1,0.8472978603872034,0.8472978603872034,1.0
p-0370,24,Switch,brainteasers,1,-0.9946225751440619,-1.939084183984913,0.0
p-0371,21,Probability puzzle,brainteasers,0,-1.09861228866811,-0.4795730802618863,0.0
p-0372,15,Database deletion,coding,1,-0.2006706954621512,-0.2006706954621512,0.0
p-0373,18,ORM library,coding,1,-1.386294361119891,-0.9808292530117263,0.0
p-0374,3,Early Universe Galaxies,astrophysics,1,0.4054651081081642,0.4054651081081642,1.0
p-0375,4,Early Universe Galaxies,astrophysics,0,1.516347489368088,0.8973082809618645,1.0
p-0376,12,Little Red Dots,astrophysics,1,1.09861228866811,1.09861228866811,1.0
p-0377,20,Prefix-sum,coding,0,0.4473122180436648,0.647982913505816,1.0
p-0378,2,Bergs,brainteasers,0,0.4054651081081642,0.6061358035703155,1.0
p-0379,1,Bergs,brainteasers,0,-0.663294217410264,-0.6232888827965647,0.0
p-0380,19,Prefix-sum,coding,0,2.944438979166439,3.14510967462859,1.0
p-0381,12,Little Red Dots,astrophysics,0,0.4054651081081642,0.2451224580329847,1.0
p-0382,17,ORM library,coding,0,0.9444616088408513,0.6626104566998638,1.0
p-0383,17,ORM library,coding,1,1.386294361119891,0.9808292530117266,1.0
p-0384,14,Rust,coding,1,-2.197224577336219,-2.197224577336219,0.0
p-0385,19,Prefix-sum,coding,0,0.2006706954621514,-0.3315461182851568,0.0
p-0386,4,Early Universe Galaxies,astrophysics,1,-0.2006706954621512,-1.047968555849355,0.0
p-0387,6,Graviational Lens Modelling,astrophysics,0,0.4473122180436648,0.2869695679684854,1.0
p-0388,3,Early Universe Galaxies,astrophysics,0,1.09861228866811,1.09861228866811,1.0
p-0389,24,Switch,brainteasers,1,1.386294361119891,1.346289026506192,1.0
p-0390,21,Probability puzzle,brainteasers,0,0.4473122180436648,0.8527773261518291,1.0
p-0391,24,Switch,brainteasers,1,2.19722457733622,1.151256022153532,1.0
p-0392,4,Early Universe Galaxies,astrophysics,0,0.4054651081081642,0.4054651081081642,1.0
p-0393,6,Graviational Lens Modelling,astrophysics,1,-0.8472978603872036,-0.4418327522790393,0.0
p-0394,23,Switch,brainteasers,0,-1.734601055388106,-0.8873031950009028,0.0
p-0395,7,Internal Temperature of Stars,brainteasers,1,3.476098689835272,3.476098689835272,1.0
p-0396,23,Switch,brainteasers,0,0.0,0.0,
p-0397,22,Probability puzzle,brainteasers,1,-0.2006706954621512,4.394449154672438,1.0
p-0398,22,Probability puzzle,brainteasers,1,-0.4054651081081643,-0.4054651081081643,0.0
p-0399,2,Bergs,brainteasers,0,-2.197224577336219,-2.197224577336219,0.0
p-0400,12,Little Red Dots,astrophysics,1,0.3227733922630509,-0.477345907849062,0.0
p-0401,19,Prefix-sum,coding,1,0.8472978603872034,-1.349926716949016,0.0
p-0402,6,Graviational Lens Modelling,astrophysics,0,0.4054651081081642,0.2047944126460128,1.0
p-0403,21,Probability puzzle,brainteasers,0,-0.2006706954621512,0.6466271649250523,1.0
p-0404,18,ORM library,coding,0,0.2006706954621514,0.0,
p-0405,16,Database deletion,coding,0,-2.94443897916644,-2.538973871058276,0.0
p-0406,2,Bergs,brainteasers,1,0.0,1.09861228866811,1.0
p-0407,5,Graviational Lens Modelling,astrophysics,0,-0.8472978603872036,-0.4418327522790393,0.0
p-0408,13,Rust,coding,0,0.8001193001121129,0.8001193001121129,1.0
p-0409,4,Early Universe Galaxies,astrophysics,0,1.386294361119891,0.287682072451781,1.0
p-0410,21,Probability puzzle,brainteasers,1,-4.59511985013459,-3.747821989747386,0.0
p-0411,9,Large Linear Structure,astrophysics,1,-0.4054651081081643,-0.4054651081081643,0.0
p-0412,19,Prefix-sum,coding,0,0.7537718023763803,0.1347325939701567,1.0
p-0413,2,Bergs,brainteasers,0,-0.4054651081081643,0.0,
p-0414,15,Database deletion,coding,0,-0.8472978603872036,-1.047968555849355,0.0
p-0415,2,Bergs,brainteasers,0,0.2006706954621514,1.047968555849355,1.0
p-0416,13,Rust,coding,1,1.09861228866811,1.09861228866811,1.0
p-0417,11,Little Red Dots,astrophysics,0,0.8001193001121129,0.8001193001121129,1.0
p-0418,9,Large Linear Structure,astrophysics,0,0.1603426500751795,0.1603426500751795,1.0
p-0419,21,Probability puzzle,brainteasers,0,2.944438979166439,0.7472144018302198,1.0
p-0420,2,Bergs,brainteasers,1,4.595119850134589,3.386808644210054,1.0
p-0421,15,Database deletion,coding,1,-0.2006706954621512,0.204794412646013,1.0
p-0422,13,Rust,coding,0,0.4054651081081642,0.4054651081081642,1.0
p-0423,6,Graviational Lens Modelling,astrophysics,1,-0.2818511521409879,0.3814430652692761,1.0
p-0424,21,Probability puzzle,brainteasers,1,-0.5322168137473082,-0.9376819218554724,0.0
p-0425,13,Rust,coding,1,-0.4473122180436648,-0.4073068834299655,0.0
p-0426,2,Bergs,brainteasers,1,1.09861228866811,1.504077396776274,1.0
p-0427,15,Database deletion,coding,1,-0.04000533461369925,0.2827680576493519,1.0
p-0428,4,Early Universe Galaxies,astrophysics,1,0.8001193001121129,-0.0471785602750906,0.0
p-0429,20,Prefix-sum,coding,1,-0.4054651081081643,-0.4054651081081643,0.0
p-0430,22,Probability puzzle,brainteasers,1,-2.197224577336219,0.0,
p-0431,19,Prefix-sum,coding,0,1.386294361119891,0.9808292530117266,1.0
p-0432,3,Early Universe Galaxies,astrophysics,0,0.8472978603872034,0.4418327522790392,1.0
p-0433,8,Internal Temperature of Stars,brainteasers,0,0.0,0.0,
p-0434,23,Switch,brainteasers,0,0.4054651081081642,-0.6931471805599456,0.0
p-0435,8,Internal Temperature of Stars,brainteasers,0,-1.992430164690206,-2.397895272798371,0.0
p-0436,9,Large Linear Structure,astrophysics,0,1.386294361119891,3.120895416507997,1.0
p-0437,16,Database deletion,coding,0,1.09861228866811,1.299282984130261,1.0
p-0438,6,Graviational Lens Modelling,astrophysics,0,-0.3639653772014119,-0.2438210653593486,0.0
p-0439,9,Large Linear Structure,astrophysics,1,-0.2818511521409879,1.104443208978903,1.0
p-0440,20,Prefix-sum,coding,0,0.4054651081081642,0.4054651081081642,1.0
p-0441,20,Prefix-sum,coding,1,-2.751535313041949,-3.157000421150113,0.0
p-0442,13,Rust,coding,1,0.6190392084062236,0.6190392084062236,1.0
p-0443,22,Probability puzzle,brainteasers,1,-4.59511985013459,-2.397895272798371,0.0
p-0444,18,ORM library,coding,1,0.0,-0.2006706954621514,0.0
p-0445,19,Prefix-sum,coding,0,-0.6190392084062235,-0.9418126006692744,0.0
p-0446,12,Little Red Dots,astrophysics,0,0.8472978603872034,0.4418327522790392,1.0
p-0447,8,Internal Temperature of Stars,brainteasers,0,0.4054651081081642,0.3254224004346277,1.0
p-0448,12,Little Red Dots,astrophysics,1,1.09861228866811,1.09861228866811,1.0
p-0449,3,Early Universe Galaxies,astrophysics,0,1.734601055388106,2.58189891577531,1.0
p-0450,15,Database deletion,coding,1,-4.59511985013459,-3.442440340196204,0.0
p-0451,20,Prefix-sum,coding,0,-1.09861228866811,-0.6931471805599455,0.0
p-0452,5,Graviational Lens Modelling,astrophysics,0,1.09861228866811,0.8979415932059583,1.0
p-0453,16,Database deletion,coding,0,-1.386294361119891,-1.586965056582042,0.0
p-0454,11,Little Red Dots,astrophysics,1,-0.4054651081081643,-0.4054651081081643,0.0
p-0455,22,Probability puzzle,brainteasers,1,-1.734601055388106,-0.6359887667199966,0.0
p-0456,17,ORM library,coding,0,-4.59511985013459,-3.49650756146648,0.0
p-0457,21,Probability puzzle,brainteasers,0,2.944438979166439,2.944438979166439,1.0
p-0458,10,Large Linear Structure,astrophysics,1,-0.7081850579244856,0.0,
p-0459,16,Database deletion,coding,1,0.0,-0.4054651081081642,0.0
p-0460,10,Large Linear Structure,astrophysics,0,-0.4054651081081643,0.4418327522790393,1.0
p-0461,17,ORM library,coding,1,-0.6190392084062235,1.115561846981883,1.0
p-0462,18,ORM library,coding,1,-0.4473122180436648,-0.1654610659026769,0.0
p-0463,20,Prefix-sum,coding,0,4.595119850134589,3.442440340196203,1.0
p-0464,15,Database deletion,coding,1,0.2006706954621514,-0.2047944126460128,0.0
p-0465,22,Probability puzzle,brainteasers,1,-4.59511985013459,0.0,
p-0466,10,Large Linear Structure,astrophysics,1,-1.09861228866811,-1.09861228866811,0.0
p-0467,19,Prefix-sum,coding,1,0.2411620568168882,0.6466271649250526,1.0
p-0468,20,Prefix-sum,coding,0,-0.6190392084062235,-0.2135741002980592,0.0
p-0469,20,Prefix-sum,coding,0,0.2006706954621514,-0.8979415932059583,0.0
p-0470,15,Database deletion,coding,1,2.944438979166439,1.558144618046549,1.0
p-0471,14,Rust,coding,1,2.944438979166439,1.558144618046549,1.0
p-0472,5,Graviational Lens Modelling,astrophysics,1,-0.2006706954621512,-0.2807134031356878,0.0
p-0473,13,Rust,coding,1,1.208311205924534,1.208311205924534,1.0
p-0474,14,Rust,coding,1,0.0,-1.324925414743599,0.0
p-0475,5,Graviational Lens Modelling,astrophysics,1,1.386294361119891,0.287682072451781,1.0
p-0476,20,Prefix-sum,coding,0,-0.7081850579244856,-0.5075143624623344,0.0
p-0477,24,Switch,brainteasers,1,-0.8953840470548413,-0.8953840470548413,0.0
p-0478,13,Rust,coding,0,-0.5753641449035618,-0.5753641449035618,0.0
p-0479,11,Little Red Dots,astrophysics,1,0.9946225751440619,0.5891574670358977,1.0
p-0480,22,Probability puzzle,brainteasers,1,-4.59511985013459,-2.397895272798371,0.0
p-0481,18,ORM library,coding,0,0.4054651081081642,1.252762968495368,1.0
p-0482,1,Bergs,brainteasers,0,4.595119850134589,1.65068087096815,1.0
p-0483,24,Switch,brainteasers,1,0.4054651081081642,0.0,
p-0484,14,Rust,coding,0,-0.3227733922630512,-0.3227733922630512,0.0
p-0485,7,Internal Temperature of Stars,brainteasers,1,1.516347489368088,0.6690496289808847,1.0
p-0486,24,Switch,brainteasers,0,-0.2006706954621512,0.9520088144762343,1.0
p-0487,16,Database deletion,coding,0,-0.9444616088408512,-0.4549133835221454,0.0
p-0488,10,Large Linear Structure,astrophysics,1,-0.8472978603872036,-0.8472978603872036,0.0
p-0489,20,Prefix-sum,coding,1,-0.6190392084062235,-1.024504316514388,0.0
p-0490,8,Internal Temperature of Stars,brainteasers,1,0.0,-0.4895482253187058,0.0
p-0491,14,Rust,coding,1,-0.4054651081081643,-0.4054651081081643,0.0
p-0492,1,Bergs,brainteasers,0,1.265666373331276,-0.4689346820568303,0.0
p-0493,15,Database deletion,coding,1,1.386294361119891,2.772588722239782,1.0
p-0494,14,Rust,coding,1,-1.09861228866811,-1.09861228866811,0.0
p-0495,10,Large Linear Structure,astrophysics,0,0.4054651081081642,0.4054651081081642,1.0
p-0496,7,Internal Temperature of Stars,brainteasers,0,-0.4054651081081643,-0.4054651081081643,0.0
p-0497,20,Prefix-sum,coding,1,-0.1201443118420633,0.285320796266101,1.0
p-0498,21,Probability puzzle,brainteasers,1,4.595119850134589,4.595119850134589,1.0
p-0499,8,Internal Temperature of Stars,brainteasers,1,0.8472978603872034,0.646627164925052,1.0
p-0500,17,ORM library,coding,1,0.8472978603872034,0.8472978603872034,1.0
p-0501,7,Internal Temperature of Stars,brainteasers,1,2.090741096933769,0.356140041545663,1.0
p-0502,1,Bergs,brainteasers,1,-0.2006706954621512,0.204794412646013,1.0
p-0503,6,Graviational Lens Modelling,astrophysics,0,0.4054651081081642,0.4054651081081642,1.0
p-0504,10,Large Linear Structure,astrophysics,0,-0.0800427076735365,0.7672551527136671,1.0
p-0505,1,Bergs,brainteasers,1,-1.734601055388106,-1.533930359925955,0.0
p-0506,22,Probability puzzle,brainteasers,0,-2.197224577336219,-1.098612288668109,0.0
p-0507,12,Little Red Dots,astrophysics,1,-0.0800427076735365,-0.6990819160797601,0.0
p-0508,13,Rust,coding,1,0.8472978603872034,0.8472978603872034,1.0
p-0509,14,Rust,coding,0,1.09861228866811,1.138617623281809,1.0
p-0510,7,Internal Temperature of Stars,brainteasers,1,1.09861228866811,2.19722457733622,1.0
p-0511,2,Bergs,brainteasers,1,-0.8472978603872036,-1.945910149055313,0.0
p-0512,23,Switch,brainteasers,0,0.0,-0.6190392084062236,0.0
p-0513,5,Graviational Lens Modelling,astrophysics,1,1.09861228866811,2.423537703411708,1.0
p-0514,7,Internal Temperature of Stars,brainteasers,1,2.944438979166439,0.7472144018302198,1.0
p-0515,24,Switch,brainteasers,0,1.734601055388106,0.3483066942682156,1.0
p-0516,6,Graviational Lens Modelling,astrophysics,0,-0.9444616088408512,-0.9444616088408512,0.0
p-0517,18,ORM library,coding,1,0.1603426500751795,0.3206853001503588,1.0
p-0518,14,Rust,coding,1,-0.2006706954621512,-0.4418327522790395,0.0
p-0519,3,Early Universe Galaxies,astrophysics,0,-0.1201443118420633,0.04019833823311603,1.0
p-0520,6,Graviational Lens Modelling,astrophysics,1,0.4054651081081642,0.8109302162163285,1.0
p-0521,13,Rust,coding,0,-1.734601055388106,-1.159236910484545,0.0
p-0522,7,Internal Temperature of Stars,brainteasers,0,3.178053830347945,3.178053830347945,1.0
p-0523,5,Graviational Lens Modelling,astrophysics,1,-0.2006706954621512,0.0,
p-0524,3,Early Universe Galaxies,astrophysics,0,2.442347035369205,1.234035829444671,1.0
p-0525,1,Bergs,brainteasers,1,0.6190392084062236,-0.4795730802618862,0.0
p-0526,23,Switch,brainteasers,0,1.09861228866811,0.4795730802618862,1.0
p-0527,2,Bergs,brainteasers,1,0.2006706954621514,0.4825218476031393,1.0
p-0528,11,Little Red Dots,astrophysics,0,0.4054651081081642,0.2451224580329847,1.0
p-0529,21,Probability puzzle,brainteasers,1,-0.8472978603872036,3.747821989747386,1.0
p-0530,22,Probability puzzle,brainteasers,0,-0.8472978603872036,-0.8472978603872036,0.0
p-0531,1,Bergs,brainteasers,0,-0.1603426500751794,0.2036227271262326,1.0
p-0532,1,Bergs,brainteasers,1,-2.197224577336219,0.1164103518444115,1.0
p-0533,10,Large Linear Structure,astrophysics,1,-0.8472978603872036,0.538996500732687,1.0
p-0534,2,Bergs,brainteasers,0,-0.7537718023763801,-0.3064595843327153,0.0
p-0535,18,ORM library,coding,1,0.7537718023763803,-0.09352605801082314,0.0
p-0536,12,Little Red Dots,astrophysics,0,0.8472978603872034,0.4418327522790392,1.0
p-0537,19,Prefix-sum,coding,0,-4.59511985013459,-3.208825489014699,0.0
p-0538,16,Database deletion,coding,1,-1.324925414743599,-3.415666511677368,0.0
p-0539,6,Graviational Lens Modelling,astrophysics,0,1.516347489368088,1.110882381259924,1.0
p-0540,15,Database deletion,coding,0,-0.8472978603872036,-0.8472978603872036,0.0
p-0541,6,Graviational Lens Modelling,astrophysics,1,0.4054651081081642,-0.4418327522790392,0.0
p-0542,22,Probability puzzle,brainteasers,0,-0.8472978603872036,1.349926716949016,1.0
p-0543,23,Switch,brainteasers,1,-2.442347035369204,-0.8567197716288226,0.0
p-0544,15,Database deletion,coding,0,0.04000533461369921,-0.1606653608484522,0.0
p-0545,8,Internal Temperature of Stars,brainteasers,1,0.8472978603872034,0.8472978603872034,1.0
p-0546,18,ORM library,coding,0,0.3227733922630509,0.3227733922630509,1.0
p-0547,23,Switch,brainteasers,1,-0.8472978603872036,-1.694595720774407,0.0
p-0548,22,Probability puzzle,brainteasers,1,1.386294361119891,1.586965056582042,1.0
p-0549,3,Early Universe Galaxies,astrophysics,1,1.09861228866811,0.4795730802618862,1.0
p-0550,19,Prefix-sum,coding,0,2.944438979166439,2.097141118779236,1.0
p-0551,8,Internal Temperature of Stars,brainteasers,1,3.891820298110626,0.9473813189441862,1.0
p-0552,11,Little Red Dots,astrophysics,1,1.386294361119891,0.287682072451781,1.0
p-0553,9,Large Linear Structure,astrophysics,1,-0.4895482253187058,-0.04223600727504101,0.0
p-0554,23,Switch,brainteasers,1,-0.7081850579244856,-0.3027199498163213,0.0
p-0555,20,Prefix-sum,coding,0,2.944438979166439,0.7472144018302198,1.0
p-0556,3,Early Universe Galaxies,astrophysics,1,-0.4054651081081643,-1.252762968495368,0.0
p-0557,22,Probability puzzle,brainteasers,1,1.900958761193047,1.053660900805844,1.0
p-0558,4,Early Universe Galaxies,astrophysics,1,1.386294361119891,1.185623665657739,1.0
p-0559,5,Graviational Lens Modelling,astrophysics,0,-2.197224577336219,-0.6115973135958375,0.0
p-0560,15,Database deletion,coding,0,-1.734601055388106,-1.975763112204995,0.0
p-0561,2,Bergs,brainteasers,1,-0.2006706954621512,0.204794412646013,1.0
p-0562,15,Database deletion,coding,0,0.6632942174102643,0.6632942174102643,1.0
p-0563,8,Internal Temperature of Stars,brainteasers,0,2.19722457733622,0.8109302162163288,1.0
p-0564,16,Database deletion,coding,0,1.386294361119891,0.9808292530117266,1.0
p-0565,9,Large Linear Structure,astrophysics,1,0.1201443118420634,0.5256094199502277,1.0
p-0566,12,Little Red Dots,astrophysics,0,0.1603426500751795,0.08029994240164291,1.0
p-0567,21,Probability puzzle,brainteasers,1,0.0,0.0,
p-0568,6,Graviational Lens Modelling,astrophysics,0,-1.658228076603532,-1.497885426528353,0.0
p-0569,15,Database deletion,coding,1,-0.9444616088408512,3.650658241293739,1.0
p-0570,2,Bergs,brainteasers,0,-2.313634929180631,2.281484920953959,1.0
p-0571,19,Prefix-sum,coding,0,-0.4895482253187058,-0.08408311721054151,0.0
p-0572,15,Database deletion,coding,1,-0.8001193001121131,0.1443423087287381,1.0
p-0573,24,Switch,brainteasers,1,1.658228076603532,0.07260081286315057,1.0
p-0574,12,Little Red Dots,astrophysics,0,0.4054651081081642,-0.4418327522790392,0.0
p-0575,3,Early Universe Galaxies,astrophysics,1,0.2006706954621514,-0.4183685129440722,0.0
p-0576,12,Little Red Dots,astrophysics,1,2.19722457733622,2.19722457733622,1.0
p-0577,15,Database deletion,coding,0,2.19722457733622,0.4626235219481132,1.0
p-0578,12,Little Red Dots,astrophysics,0,0.0,0.0,
p-0579,1,Bergs,brainteasers,0,0.4054651081081642,0.4054651081081642,1.0
p-0580,11,Little Red Dots,astrophysics,0,0.5322168137473082,0.0,
p-0581,14,Rust,coding,1,0.9444616088408513,-0.4418327522790395,0.0
p-0582,23,Switch,brainteasers,1,-1.992430164690206,-2.193100860152358,0.0
p-0583,4,Early Universe Galaxies,astrophysics,1,0.8472978603872034,0.8472978603872034,1.0
p-0584,22,Probability puzzle,brainteasers,1,0.4054651081081642,1.252762968495368,1.0
p-0585,16,Database deletion,coding,1,-0.2006706954621512,-0.4825218476031388,0.0
p-0586,9,Large Linear Structure,astrophysics,1,0.5322168137473082,1.630829102415418,1.0
p-0587,5,Graviational Lens Modelling,astrophysics,0,0.0,0.8472978603872036,1.0
p-0588,23,Switch,brainteasers,1,0.4054651081081642,0.0,
p-0589,6,Graviational Lens Modelling,astrophysics,1,0.2006706954621514,0.6061358035703157,1.0
p-0590,20,Prefix-sum,coding,1,0.6190392084062236,0.6190392084062236,1.0
p-0591,9,Large Linear Structure,astrophysics,0,0.1603426500751795,0.3610133455373307,1.0
p-0592,23,Switch,brainteasers,1,-4.59511985013459,-7.539558829301029,0.0
p-0593,10,Large Linear Structure,astrophysics,1,-1.734601055388106,-0.3483066942682158,0.0
p-0594,17,ORM library,coding,1,0.1603426500751795,-2.03688192726104,0.0
p-0595,3,Early Universe Galaxies,astrophysics,0,1.386294361119891,-0.3483066942682156,0.0
p-0596,18,ORM library,coding,1,1.386294361119891,1.145132304303003,1.0
p-0597,14,Rust,coding,0,2.944438979166439,1.209837923778333,1.0
p-0598,14,Rust,coding,0,-0.4054651081081643,0.2135741002980592,1.0
p-0599,3,Early Universe Galaxies,astrophysics,0,-0.7081850579244856,-1.37147927533475,0.0
p-0600,16,Database deletion,coding,0,0.0,-0.8472978603872034,0.0
p-0601,11,Little Red Dots,astrophysics,1,-1.386294361119891,-0.2876820724517808,0.0
p-0602,11,Little Red Dots,astrophysics,0,0.0,1.386294361119891,1.0
p-0603,11,Little Red Dots,astrophysics,1,0.4054651081081642,0.0,
p-0604,20,Prefix-sum,coding,1,1.09861228866811,0.7758388964050589,1.0
p-0605,19,Prefix-sum,coding,1,2.19722457733622,1.349926716949016,1.0
p-0606,6,Graviational Lens Modelling,astrophysics,1,0.9946225751440619,-0.3916717859758289,0.0
p-0607,5,Graviational Lens Modelling,astrophysics,1,1.386294361119891,0.5389965007326873,1.0
p-0608,15,Database deletion,coding,1,-2.090741096933769,-1.849579040116881,0.0
p-0609,22,Probability puzzle,brainteasers,0,0.0,0.0,
p-0610,16,Database deletion,coding,0,2.090741096933769,-0.85369788223267,0.0
p-0611,13,Rust,coding,1,2.944438979166439,2.236253921241953,1.0
p-0612,2,Bergs,brainteasers,1,2.313634929180631,1.466337068793428,1.0
p-0613,9,Large Linear Structure,astrophysics,0,-0.9444616088408512,-4.836281906951477,0.0
p-0614,7,Internal Temperature of Stars,brainteasers,0,0.3227733922630509,0.3227733922630509,1.0
p-0615,18,ORM library,coding,1,-0.1603426500751794,0.9923368598632062,1.0
p-0616,14,Rust,coding,1,2.19722457733622,1.996553881874068,1.0
p-0617,17,ORM library,coding,0,0.4054651081081642,-0.4418327522790392,0.0
p-0618,13,Rust,coding,1,0.2006706954621514,-0.7437909133786998,0.0
p-0619,7,Internal Temperature of Stars,brainteasers,0,1.658228076603532,1.039188868197308,1.0
p-0620,10,Large Linear Structure,astrophysics,0,-0.8472978603872036,-0.4418327522790393,0.0
p-0621,19,Prefix-sum,coding,1,-2.197224577336219,-1.791759469228055,0.0
p-0622,4,Early Universe Galaxies,astrophysics,0,0.8472978603872034,0.0,
p-0623,11,Little Red Dots,astrophysics,1,0.4054651081081642,0.1236139559671767,1.0
p-0624,3,Early Universe Galaxies,astrophysics,1,1.734601055388106,-0.4626235219481132,0.0
p-0625,1,Bergs,brainteasers,0,-1.734601055388106,-2.442786113312593,0.0
p-0626,19,Prefix-sum,coding,1,0.0,-0.04000533461369921,0.0
p-0627,20,Prefix-sum,coding,0,-4.59511985013459,-4.189654742026425,0.0
p-0628,19,Prefix-sum,coding,1,-0.4054651081081643,0.0,
p-0629,7,Internal Temperature of Stars,brainteasers,0,-1.09861228866811,-0.6931471805599455,0.0
p-0630,5,Graviational Lens Modelling,astrophysics,0,1.386294361119891,1.185623665657739,1.0
p-0631,13,Rust,coding,1,-0.8472978603872036,0.538996500732687,1.0
p-0632,13,Rust,coding,1,-0.8472978603872036,-0.4418327522790393,0.0
p-0633,14,Rust,coding,0,2.944438979166439,4.33073334028633,1.0
p-0634,13,Rust,coding,1,0.8472978603872034,0.8472978603872034,1.0
p-0635,12,Little Red Dots,astrophysics,1,0.8472978603872034,0.646627164925052,1.0
p-0636,15,Database deletion,coding,1,-0.2818511521409879,0.08211422506042404,1.0
p-0637,3,Early Universe Galaxies,astrophysics,0,0.0,0.0,
p-0638,6,Graviational Lens Modelling,astrophysics,0,0.0,0.0,
p-0639,1,Bergs,brainteasers,0,-1.152679509938386,-1.152679509938386,0.0
p-0640,15,Database deletion,coding,0,-1.900958761193047,-0.9564971523521958,0.0
p-0641,12,Little Red Dots,astrophysics,1,0.0,0.4895482253187058,1.0
p-0642,1,Bergs,brainteasers,0,1.734601055388106,2.833213344056216,1.0
p-0643,13,Rust,coding,1,1.900958761193047,1.053660900805844,1.0
p-0644,13,Rust,coding,1,-0.2006706954621512,-0.2006706954621512,0.0
p-0645,17,ORM library,coding,1,2.313634929180631,0.3212047644904248,1.0
p-0646,2,Bergs,brainteasers,1,1.09861228866811,0.2513144282809063,1.0
p-0647,4,Early Universe Galaxies,astrophysics,0,0.0,0.0,
p-0648,1,Bergs,brainteasers,1,1.386294361119891,2.233592221507094,1.0
p-0649,16,Database deletion,coding,0,-0.3639653772014119,-0.1228033203845238,0.0
p-0650,9,Large Linear Structure,astrophysics,0,-1.386294361119891,-2.484906649788,0.0
p-0651,14,Rust,coding,1,1.815289966638249,0.7166776779701391,1.0
p-0652,4,Early Universe Galaxies,astrophysics,1,2.586689344097943,2.181224235989779,1.0
p-0653,1,Bergs,brainteasers,1,-4.59511985013459,0.0,
p-0654,18,ORM library,coding,1,0.0,-0.6632942174102643,0.0
p-0655,24,Switch,brainteasers,1,0.4054651081081642,0.4054651081081642,1.0
p-0656,18,ORM library,coding,1,1.208311205924534,1.91649626384902,1.0
p-0657,5,Graviational Lens Modelling,astrophysics,0,-0.6190392084062235,-0.2135741002980592,0.0
p-0658,9,Large Linear Structure,astrophysics,1,-1.09861228866811,-1.09861228866811,0.0
p-0659,21,Probability puzzle,brainteasers,1,-0.4895482253187058,0.1294909830875177,1.0
p-0660,18,ORM library,coding,1,4.595119850134589,2.860518794746483,1.0
p-0661,22,Probability puzzle,brainteasers,1,1.045968555182688,1.846087855294801,1.0
p-0662,17,ORM library,coding,0,3.178053830347945,0.5913644862500016,1.0
p-0663,13,Rust,coding,1,0.0,-0.3639653772014115,0.0
p-0664,22,Probability puzzle,brainteasers,0,-4.59511985013459,-2.860518794746484,0.0
p-0665,24,Switch,brainteasers,0,0.8472978603872034,0.3577496350684977,1.0
p-0666,19,Prefix-sum,coding,0,2.944438979166439,1.558144618046549,1.0
p-0667,6,Graviational Lens Modelling,astrophysics,0,-0.4895482253187058,-0.2888775298565546,0.0
p-0668,8,Internal Temperature of Stars,brainteasers,1,2.442347035369205,0.7077459799810988,1.0
p-0669,6,Graviational Lens Modelling,astrophysics,0,0.8472978603872034,1.466337068793427,1.0
p-0670,9,Large Linear Structure,astrophysics,1,0.0,0.663294217410264,1.0
p-0671,7,Internal Temperature of Stars,brainteasers,1,1.09861228866811,0.2513144282809063,1.0
p-0672,12,Little Red Dots,astrophysics,0,1.734601055388106,1.533930359925955,1.0
p-0673,10,Large Linear Structure,astrophysics,1,0.0,1.09861228866811,1.0
p-0674,6,Graviational Lens Modelling,astrophysics,1,-0.6190392084062235,-0.2135741002980592,0.0
p-0675,8,Internal Temperature of Stars,brainteasers,0,0.8472978603872034,0.646627164925052,1.0
p-0676,9,Large Linear Structure,astrophysics,0,-1.450010175505998,-1.450010175505998,0.0
p-0677,9,Large Linear Structure,astrophysics,0,-0.3227733922630512,0.08269171584511309,1.0
p-0678,19,Prefix-sum,coding,0,-4.59511985013459,-2.397895272798371,0.0
p-0679,7,Internal Temperature of Stars,brainteasers,0,2.090741096933769,0.7044467358138786,1.0
p-0680,9,Large Linear Structure,astrophysics,0,0.4054651081081642,0.8109302162163285,1.0
p-0681,21,Probability puzzle,brainteasers,0,2.944438979166439,2.944438979166439,1.0
p-0682,24,Switch,brainteasers,0,1.734601055388106,0.3483066942682156,1.0
p-0683,17,ORM library,coding,0,0.6190392084062236,0.0,
p-0684,1,Bergs,brainteasers,1,0.0,0.0,
p-0685,9,Large Linear Structure,astrophysics,1,0.3639653772014115,0.4039707118151107,1.0
p-0686,7,Internal Temperature of Stars,brainteasers,0,2.944438979166439,0.7472144018302198,1.0
p-0687,15,Database deletion,coding,0,-0.8472978603872036,-0.4418327522790393,0.0
p-0688,1,Bergs,brainteasers,1,0.0,-0.708185057924486,0.0
p-0689,9,Large Linear Structure,astrophysics,1,0.0,0.0800427076735365,1.0
p-0690,11,Little Red Dots,astrophysics,1,1.386294361119891,1.386294361119891,1.0
p-0691,23,Switch,brainteasers,0,-4.59511985013459,-2.77982988349634,0.0
p-0692,7,Internal Temperature of Stars,brainteasers,1,-1.386294361119891,0.0,
p-0693,24,Switch,brainteasers,1,-1.658228076603532,2.936891773531058,1.0
p-0694,8,Internal Temperature of Stars,brainteasers,1,0.2006706954621514,0.0,
p-0695,2,Bergs,brainteasers,1,1.450010175505999,0.06371581438610785,1.0
p-0696,2,Bergs,brainteasers,1,0.0,0.0,
p-0697,15,Database deletion,coding,1,-1.265666373331276,-1.506828430148164,0.0
p-0698,1,Bergs,brainteasers,1,0.5322168137473082,-0.2215549886290721,0.0
p-0699,3,Early Universe Galaxies,astrophysics,1,-0.2006706954621512,-0.2006706954621512,0.0
p-0700,18,ORM library,coding,0,0.04000533461369921,0.04000533461369921,1.0
p-0701,23,Switch,brainteasers,1,-1.900958761193047,2.694161088941543,1.0
p-0702,20,Prefix-sum,coding,0,-0.2006706954621512,0.204794412646013,1.0
p-0703,21,Probability puzzle,brainteasers,1,0.0,2.313634929180631,1.0
p-0704,18,ORM library,coding,0,0.6190392084062236,0.6190392084062236,1.0
p-0705,18,ORM library,coding,0,-1.386294361119891,-1.386294361119891,0.0
p-0706,4,Early Universe Galaxies,astrophysics,0,-1.265666373331276,-1.024504316514388,0.0
p-0707,17,ORM library,coding,1,0.4054651081081642,-4.189654742026424,0.0
p-0708,22,Probability puzzle,brainteasers,0,-0.9444616088408512,-0.9444616088408512,0.0
p-0709,16,Database deletion,coding,1,-0.9946225751440619,-1.702807633068548,0.0
p-0710,2,Bergs,brainteasers,0,0.8472978603872034,1.047968555849355,1.0
p-0711,20,Prefix-sum,coding,1,0.0,0.04000533461369925,1.0
p-0712,18,ORM library,coding,1,1.045968555182688,-1.898470423983752,0.0
p-0713,23,Switch,brainteasers,1,-4.59511985013459,-3.84134804775821,0.0
p-0714,4,Early Universe Galaxies,astrophysics,0,-0.8472978603872036,-0.9273405680607402,0.0
p-0715,1,Bergs,brainteasers,1,1.734601055388106,-2.860518794746483,0.0
p-0716,17,ORM library,coding,1,-0.4054651081081643,0.0,
p-0717,4,Early Universe Galaxies,astrophysics,1,0.4054651081081642,0.4054651081081642,1.0
p-0718,13,Rust,coding,1,-1.450010175505998,-1.450010175505998,0.0
p-0719,16,Database deletion,coding,0,1.324925414743599,2.423537703411708,1.0
p-0720,21,Probability puzzle,brainteasers,1,0.708185057924486,0.708185057924486,1.0
p-0721,11,Little Red Dots,astrophysics,1,0.708185057924486,0.1328209130209241,1.0
p-0722,17,ORM library,coding,1,0.0,-0.3227733922630509,0.0
p-0723,22,Probability puzzle,brainteasers,1,-0.6190392084062235,-0.4183685129440723,0.0
p-0724,20,Prefix-sum,coding,0,0.4054651081081642,0.6061358035703155,1.0
p-0725,6,Graviational Lens Modelling,astrophysics,0,0.0,2.197224577336219,1.0
p-0726,20,Prefix-sum,coding,1,-0.8472978603872036,-0.8472978603872036,0.0
p-0727,17,ORM library,coding,0,0.6632942174102643,0.8639649128724155,1.0
p-0728,5,Graviational Lens Modelling,astrophysics,0,0.5322168137473082,0.4120725019052448,1.0
p-0729,9,Large Linear Structure,astrophysics,1,0.3227733922630509,1.709067753382941,1.0
p-0730,9,Large Linear Structure,astrophysics,0,0.8472978603872034,1.694595720774407,1.0
p-0731,10,Large Linear Structure,astrophysics,0,-0.6190392084062235,-0.6190392084062235,0.0
p-0732,16,Database deletion,coding,1,2.944438979166439,2.944438979166439,1.0
p-0733,6,Graviational Lens Modelling,astrophysics,1,-1.386294361119891,-1.185623665657739,0.0
p-0734,17,ORM library,coding,0,0.6190392084062236,1.024504316514388,1.0
p-0735,15,Database deletion,coding,0,0.8472978603872034,1.694595720774407,1.0
p-0736,19,Prefix-sum,coding,1,0.2006706954621514,-1.185623665657739,0.0
p-0737,8,Internal Temperature of Stars,brainteasers,1,1.734601055388106,0.8873031950009029,1.0
p-0738,8,Internal Temperature of Stars,brainteasers,1,0.3227733922630509,-0.08269171584511337,0.0
p-0739,17,ORM library,coding,0,1.386294361119891,0.9808292530117266,1.0
p-0740,17,ORM library,coding,1,-0.8472978603872036,0.0,
p-0741,10,Large Linear Structure,astrophysics,1,-1.09861228866811,-1.09861228866811,0.0
p-0742,18,ORM library,coding,1,0.2411620568168882,0.04049136135473683,1.0
p-0743,15,Database deletion,coding,1,0.0,2.197224577336219,1.0
p-0744,20,Prefix-sum,coding,1,-3.178053830347945,-2.330755969960742,0.0
p-0745,23,Switch,brainteasers,1,1.09861228866811,0.8979415932059583,1.0
p-0746,19,Prefix-sum,coding,1,1.386294361119891,0.5389965007326873,1.0
p-0747,13,Rust,coding,0,0.4473122180436648,1.342696265098506,1.0
p-0748,3,Early Universe Galaxies,astrophysics,1,1.09861228866811,0.4795730802618862,1.0
p-0749,15,Database deletion,coding,0,0.0,0.4895482253187058,1.0
p-0750,22,Probability puzzle,brainteasers,1,-1.386294361119891,3.208825489014699,1.0
p-0751,22,Probability puzzle,brainteasers,0,0.6632942174102643,0.6632942174102643,1.0
p-0752,2,Bergs,brainteasers,1,4.595119850134589,4.595119850134589,1.0
p-0753,23,Switch,brainteasers,0,0.0,-1.734601055388106,0.0
p-0754,23,Switch,brainteasers,0,-1.09861228866811,-1.09861228866811,0.0
p-0755,8,Internal Temperature of Stars,brainteasers,1,-0.8472978603872036,0.538996500732687,1.0
p-0756,3,Early Universe Galaxies,astrophysics,0,2.944438979166439,2.538973871058275,1.0
p-0757,17,ORM library,coding,0,0.4054651081081642,0.2047944126460128,1.0
p-0758,4,Early Universe Galaxies,astrophysics,0,0.4054651081081642,0.4054651081081642,1.0
p-0759,22,Probability puzzle,brainteasers,0,-1.386294361119891,-0.7672551527136671,0.0
p-0760,24,Switch,brainteasers,0,-0.663294217410264,0.6616311973333348,1.0
p-0761,5,Graviational Lens Modelling,astrophysics,0,0.0,0.0,
p-0762,10,Large Linear Structure,astrophysics,0,-0.6190392084062235,-1.024504316514388,0.0
p-0763,10,Large Linear Structure,astrophysics,1,-0.6190392084062235,-2.932674137586854,0.0
p-0764,4,Early Universe Galaxies,astrophysics,0,0.4054651081081642,-0.4899189389466771,0.0
p-0765,16,Database deletion,coding,1,0.8001193001121129,1.463413517522377,1.0
p-0766,15,Database deletion,coding,0,-0.8472978603872036,-0.8472978603872036,0.0
p-0767,11,Little Red Dots,astrophysics,0,0.2006706954621514,0.2006706954621514,1.0
p-0768,18,ORM library,coding,1,-0.4054651081081643,0.4418327522790393,1.0
p-0769,20,Prefix-sum,coding,1,1.09861228866811,0.8979415932059583,1.0
p-0770,11,Little Red Dots,astrophysics,0,0.4054651081081642,0.0,
p-0771,14,Rust,coding,0,-1.152679509938386,-0.8299061176753344,0.0
p-0772,19,Prefix-sum,coding,0,0.0,-0.8472978603872034,0.0
p-0773,19,Prefix-sum,coding,0,2.19722457733622,1.791759469228055,1.0
p-0774,9,Large Linear Structure,astrophysics,1,-0.8472978603872036,-0.6466271649250523,0.0
p-0775,6,Graviational Lens Modelling,astrophysics,1,0.8472978603872034,-0.04808618666763786,0.0
p-0776,2,Bergs,brainteasers,1,1.734601055388106,-0.4626235219481132,0.0
p-0777,1,Bergs,brainteasers,1,2.19722457733622,0.0,
p-0778,2,Bergs,brainteasers,0,0.8472978603872034,0.4418327522790392,1.0
p-0779,1,Bergs,brainteasers,0,1.386294361119891,-0.3483066942682156,0.0
p-0780,24,Switch,brainteasers,1,0.0,-0.7537718023763803,0.0
p-0781,24,Switch,brainteasers,0,0.8472978603872034,-0.5389965007326873,0.0
p-0782,13,Rust,coding,0,3.891820298110626,-0.7032995520239633,0.0
p-0783,15,Database deletion,coding,0,-0.04000533461369925,1.058606954054411,1.0
p-0784,1,Bergs,brainteasers,0,1.09861228866811,3.295836866004329,1.0
p-0785,10,Large Linear Structure,astrophysics,1,0.2006706954621514,1.047968555849355,1.0
p-0786,19,Prefix-sum,coding,0,0.0,0.8472978603872036,1.0
p-0787,18,ORM library,coding,1,1.386294361119891,0.7672551527136672,1.0
p-0788,8,Internal Temperature of Stars,brainteasers,1,1.450010175505999,0.06371581438610785,1.0
p-0789,3,Early Universe Galaxies,astrophysics,0,1.208311205924534,0.5450169885142699,1.0
p-0790,18,ORM library,coding,1,0.8472978603872034,1.252762968495368,1.0
p-0791,5,Graviational Lens Modelling,astrophysics,1,-0.8472978603872036,0.538996500732687,1.0
p-0792,21,Probability puzzle,brainteasers,0,-1.265666373331276,-0.4183685129440723,0.0
p-0793,19,Prefix-sum,coding,0,0.8472978603872034,0.646627164925052,1.0
p-0794,8,Internal Temperature of Stars,brainteasers,0,0.6190392084062236,0.2135741002980594,1.0
p-0795,4,Early Universe Galaxies,astrophysics,0,-0.4054651081081643,-0.4054651081081643,0.0
p-0796,21,Probability puzzle,brainteasers,1,1.658228076603532,-0.6554068525770989,0.0
p-0797,1,Bergs,brainteasers,0,-0.8472978603872036,0.2513144282809062,1.0
p-0798,20,Prefix-sum,coding,0,0.08004270767353656,1.178654996341646,1.0
p-0799,4,Early Universe Galaxies,astrophysics,1,1.516347489368088,0.1300531282481974,1.0
p-0800,17,ORM library,coding,0,-0.8472978603872036,-0.8472978603872036,0.0
p-0801,4,Early Universe Galaxies,astrophysics,1,1.815289966638249,1.815289966638249,1.0
p-0802,21,Probability puzzle,brainteasers,1,-2.94443897916644,0.0,
p-0803,7,Internal Temperature of Stars,brainteasers,0,0.4054651081081642,0.4054651081081642,1.0
p-0804,1,Bergs,brainteasers,0,-0.4895482253187058,0.08581591958485602,1.0
p-0805,24,Switch,brainteasers,1,0.8472978603872034,0.8472978603872034,1.0
p-0806,18,ORM library,coding,1,0.8472978603872034,-1.349926716949016,0.0
p-0807,7,Internal Temperature of Stars,brainteasers,0,1.386294361119891,0.0,
p-0808,21,Probability puzzle,brainteasers,0,-0.4054651081081643,0.0,
p-0809,21,Probability puzzle,brainteasers,0,-2.197224577336219,-1.833259200134807,0.0
p-0810,15,Database deletion,coding,0,1.734601055388106,0.8873031950009029,1.0
p-0811,24,Switch,brainteasers,0,2.442347035369205,1.447724460225143,1.0
p-0812,24,Switch,brainteasers,0,0.4054651081081642,0.0,
p-0813,12,Little Red Dots,astrophysics,1,0.8472978603872034,0.8472978603872034,1.0
p-0814,11,Little Red Dots,astrophysics,1,-0.0800427076735365,0.3254224004346278,1.0
p-0815,1,Bergs,brainteasers,0,0.8472978603872034,0.646627164925052,1.0
p-0816,1,Bergs,brainteasers,0,4.595119850134589,4.79579054559674,1.0
p-0817,16,Database deletion,coding,1,0.4054651081081642,0.8109302162163285,1.0
p-0818,5,Graviational Lens Modelling,astrophysics,1,0.8472978603872034,0.0,
p-0819,21,Probability puzzle,brainteasers,0,-0.4054651081081643,0.0,
p-0820,3,Early Universe Galaxies,astrophysics,1,0.0,0.2006706954621512,1.0
p-0821,19,Prefix-sum,coding,0,0.08004270767353656,0.08004270767353656,1.0
p-0822,9,Large Linear Structure,astrophysics,0,0.8472978603872034,0.646627164925052,1.0
p-0823,24,Switch,brainteasers,0,-0.4054651081081643,-0.6873162602491518,0.0
p-0824,19,Prefix-sum,coding,0,-4.59511985013459,-1.65068087096815,0.0
p-0825,10,Large Linear Structure,astrophysics,1,-2.197224577336219,-2.197224577336219,0.0
p-0826,17,ORM library,coding,1,0.0,0.0,
p-0827,13,Rust,coding,0,1.265666373331276,-1.176680662037929,0.0
p-0828,2,Bergs,brainteasers,1,-1.734601055388106,0.4626235219481127,1.0
p-0829,15,Database deletion,coding,1,0.8472978603872034,0.2282586519809798,1.0
p-0830,20,Prefix-sum,coding,0,-1.152679509938386,0.233614851181505,1.0
p-0831,20,Prefix-sum,coding,0,0.8472978603872034,0.2282586519809798,1.0
p-0832,8,Internal Temperature of Stars,brainteasers,0,0.5753641449035619,-0.1784076574728184,0.0
p-0833,17,ORM library,coding,1,0.0,0.0,
p-0834,17,ORM library,coding,1,0.6190392084062236,0.1294909830875178,1.0
p-0835,19,Prefix-sum,coding,0,-0.6190392084062235,0.4795730802618863,1.0
p-0836,21,Probability puzzle,brainteasers,1,-1.09861228866811,-1.09861228866811,0.0
p-0837,14,Rust,coding,0,0.4054651081081642,1.504077396776274,1.0
p-0838,14,Rust,coding,0,0.0,-0.4054651081081642,0.0
p-0839,18,ORM library,coding,0,-0.4054651081081643,-0.4054651081081643,0.0
p-0840,10,Large Linear Structure,astrophysics,1,0.0,1.208311205924534,1.0
p-0841,9,Large Linear Structure,astrophysics,0,-0.4054651081081643,-0.4054651081081643,0.0
p-0842,13,Rust,coding,0,-1.09861228866811,-1.945910149055313,0.0
p-0843,14,Rust,coding,0,2.19722457733622,1.791759469228055,1.0
p-0844,3,Early Universe Galaxies,astrophysics,1,0.2006706954621514,-0.7939518796819105,0.0
p-0845,20,Prefix-sum,coding,0,-2.197224577336219,-0.8109302162163285,0.0
p-0846,23,Switch,brainteasers,0,0.4895482253187058,0.08408311721054157,1.0
p-0847,1,Bergs,brainteasers,0,-0.8472978603872036,-0.4418327522790393,0.0
p-0848,10,Large Linear Structure,astrophysics,1,0.6190392084062236,0.9418126006692749,1.0
p-0849,12,Little Red Dots,astrophysics,0,-0.4054651081081643,0.4418327522790393,1.0
p-0850,21,Probability puzzle,brainteasers,1,-0.2006706954621512,1.996553881874068,1.0
p-0851,22,Probability puzzle,brainteasers,0,0.0,0.5753641449035618,1.0
p-0852,12,Little Red Dots,astrophysics,0,0.2818511521409875,-0.5182681479711253,0.0
p-0853,12,Little Red Dots,astrophysics,0,0.0,-0.1603426500751795,0.0
p-0854,6,Graviational Lens Modelling,astrophysics,1,-1.045968555182688,0.340325805937203,1.0
p-0855,16,Database deletion,coding,1,0.4054651081081642,0.8109302162163285,1.0
p-0856,2,Bergs,brainteasers,0,-1.386294361119891,0.0,
p-0857,23,Switch,brainteasers,1,0.0,-2.19722457733622,0.0
p-0858,16,Database deletion,coding,1,-2.94443897916644,-1.55814461804655,0.0
p-0859,24,Switch,brainteasers,1,0.8472978603872034,0.8472978603872034,1.0
p-0860,7,Internal Temperature of Stars,brainteasers,0,0.6190392084062236,0.6190392084062236,1.0
p-0861,6,Graviational Lens Modelling,astrophysics,1,-0.2006706954621512,-0.6061358035703155,0.0
p-0862,4,Early Universe Galaxies,astrophysics,1,0.3227733922630509,0.3227733922630509,1.0
p-0863,3,Early Universe Galaxies,astrophysics,0,0.08004270767353656,0.08004270767353656,1.0
p-0864,8,Internal Temperature of Stars,brainteasers,1,-0.6190392084062235,-0.6190392084062235,0.0
p-0865,3,Early Universe Galaxies,astrophysics,0,-0.4895482253187058,-0.1255828481172939,0.0
p-0866,13,Rust,coding,1,0.2818511521409875,1.177235199195829,1.0
p-0867,13,Rust,coding,1,-0.1201443118420633,-0.2001870195155999,0.0
p-0868,10,Large Linear Structure,astrophysics,1,-0.4054651081081643,-1.504077396776274,0.0
p-0869,9,Large Linear Structure,astrophysics,0,0.0,0.0,
p-0870,5,Graviational Lens Modelling,astrophysics,0,0.4054651081081642,-0.6931471805599456,0.0
p-0871,11,Little Red Dots,astrophysics,1,-0.6190392084062235,-1.024504316514388,0.0
p-0872,2,Bergs,brainteasers,1,-0.2006706954621512,-0.6061358035703155,0.0
p-0873,4,Early Universe Galaxies,astrophysics,1,0.3227733922630509,-0.08269171584511337,0.0
p-0874,10,Large Linear Structure,astrophysics,1,0.0,-4.595119850134589,0.0
p-0875,24,Switch,brainteasers,1,0.8472978603872034,0.8472978603872034,1.0
p-0876,12,Little Red Dots,astrophysics,1,-0.663294217410264,-0.1737459920915582,0.0
p-0877,8,Internal Temperature of Stars,brainteasers,1,0.6190392084062236,0.2135741002980594,1.0
p-0878,16,Database deletion,coding,0,0.0,0.7081850579244856,1.0
p-0879,10,Large Linear Structure,astrophysics,1,1.386294361119891,0.5389965007326873,1.0
p-0880,5,Graviational Lens Modelling,astrophysics,0,-0.8472978603872036,-0.8472978603872036,0.0
p-0881,24,Switch,brainteasers,0,2.944438979166439,2.743768283704288,1.0
p-0882,5,Graviational Lens Modelling,astrophysics,0,0.4895482253187058,1.336846085705909,1.0
p-0883,6,Graviational Lens Modelling,astrophysics,0,1.386294361119891,2.484906649788001,1.0
p-0884,20,Prefix-sum,coding,1,0.8472978603872034,-1.349926716949016,0.0
p-0885,21,Probability puzzle,brainteasers,0,-1.734601055388106,-0.3483066942682158,0.0
p-0886,4,Early Universe Galaxies,astrophysics,1,0.4054651081081642,-0.3483066942682161,0.0
p-0887,15,Database deletion,coding,1,0.2006706954621514,-0.2466415225815134,0.0
p-0888,13,Rust,coding,0,2.944438979166439,0.0,
p-0889,23,Switch,brainteasers,1,-0.2006706954621512,-0.8197099038683748,0.0
p-0890,16,Database deletion,coding,1,-0.3227733922630512,-0.5639354490799394,0.0
p-0891,2,Bergs,brainteasers,1,-1.992430164690206,-1.751268107873318,0.0
p-0892,15,Database deletion,coding,0,0.0,0.5753641449035618,1.0
p-0893,19,Prefix-sum,coding,0,-0.4054651081081643,0.0,
p-0894,19,Prefix-sum,coding,0,-0.4054651081081643,-0.4054651081081643,0.0
p-0895,14,Rust,coding,1,-0.6190392084062235,-0.4183685129440723,0.0
p-0896,11,Little Red Dots,astrophysics,0,-1.386294361119891,-1.185623665657739,0.0
p-0897,6,Graviational Lens Modelling,astrophysics,0,-0.2006706954621512,-0.2807134031356878,0.0
p-0898,1,Bergs,brainteasers,1,-2.197224577336219,-3.58351893845611,0.0
p-0899,24,Switch,brainteasers,1,4.595119850134589,2.397895272798369,1.0
p-0900,8,Internal Temperature of Stars,brainteasers,0,0.3227733922630509,-0.5245244681241525,0.0
p-0901,9,Large Linear Structure,astrophysics,0,0.0,0.0,
p-0902,20,Prefix-sum,coding,1,-1.386294361119891,-1.791759469228055,0.0
p-0903,15,Database deletion,coding,1,-0.5322168137473082,-3.476655792913748,0.0
p-0904,14,Rust,coding,1,0.0,-0.2818511521409875,0.0
p-0905,12,Little Red Dots,astrophysics,1,0.1603426500751795,0.1603426500751795,1.0
p-0906,19,Prefix-sum,coding,0,-0.6190392084062235,-0.6190392084062235,0.0
p-0907,1,Bergs,brainteasers,0,1.152679509938386,-1.044545067397834,0.0
p-0908,3,Early Universe Galaxies,astrophysics,0,0.8472978603872034,2.112964233718479,1.0
p-0909,23,Switch,brainteasers,1,0.8472978603872034,0.1840036429769392,1.0
p-0910,21,Probability puzzle,brainteasers,0,0.0,0.0,
p-0911,9,Large Linear Structure,astrophysics,0,-1.045968555182688,-0.198670694795484,0.0
p-0912,16,Database deletion,coding,1,-0.4054651081081643,-1.252762968495368,0.0
p-0913,4,Early Universe Galaxies,astrophysics,0,0.0,0.0,
p-0914,15,Database deletion,coding,1,-0.8472978603872036,-0.8472978603872036,0.0
p-0915,21,Probability puzzle,brainteasers,0,0.8472978603872034,5.442417710521793,1.0
p-0916,12,Little Red Dots,astrophysics,1,-0.2411620568168881,0.1643030512912762,1.0
p-0917,22,Probability puzzle,brainteasers,1,-2.197224577336219,-1.707676352017513,0.0
p-0918,5,Graviational Lens Modelling,astrophysics,1,0.8472978603872034,3.791736839553644,1.0
p-0919,4,Early Universe Galaxies,astrophysics,1,0.0,-1.815289966638249,0.0
p-0920,15,Database deletion,coding,0,0.0,-1.815289966638249,0.0
p-0921,10,Large Linear Structure,astrophysics,0,-0.7081850579244856,0.139112802462718,1.0
p-0922,14,Rust,coding,1,-1.992430164690206,-1.992430164690206,0.0
p-0923,5,Graviational Lens Modelling,astrophysics,0,0.0,0.8472978603872036,1.0
p-0924,6,Graviational Lens Modelling,astrophysics,1,-0.4054651081081643,-0.204794412646013,0.0
p-0925,4,Early Universe Galaxies,astrophysics,1,0.2006706954621514,0.2006706954621514,1.0
p-0926,16,Database deletion,coding,1,0.4054651081081642,0.2047944126460128,1.0
p-0927,6,Graviational Lens Modelling,astrophysics,0,-0.3227733922630512,-0.7282385003712154,0.0
p-0928,23,Switch,brainteasers,1,2.090741096933769,4.287965674269989,1.0
p-0929,4,Early Universe Galaxies,astrophysics,1,-0.3227733922630512,0.3405208251472128,1.0
p-0930,5,Graviational Lens Modelling,astrophysics,1,0.4895482253187058,0.4895482253187058,1.0
p-0931,14,Rust,coding,1,0.4054651081081642,0.6061358035703155,1.0
p-0932,18,ORM library,coding,1,1.734601055388106,1.533930359925955,1.0
p-0933,9,Large Linear Structure,astrophysics,1,0.7537718023763803,-0.09352605801082314,0.0
p-0934,17,ORM library,coding,1,-2.197224577336219,-3.931825632724325,0.0
p-0935,10,Large Linear Structure,astrophysics,1,0.0,2.090741096933769,1.0
p-0936,23,Switch,brainteasers,0,3.891820298110626,2.793208009442516,1.0
p-0937,2,Bergs,brainteasers,1,4.595119850134589,3.208825489014698,1.0
p-0938,16,Database deletion,coding,0,-1.992430164690206,-0.2578291093020999,0.0
p-0939,5,Graviational Lens Modelling,astrophysics,1,-0.8472978603872036,-0.8472978603872036,0.0
p-0940,17,ORM library,coding,1,-0.4054651081081643,-0.4054651081081643,0.0
p-0941,5,Graviational Lens Modelling,astrophysics,1,-0.8472978603872036,-0.8472978603872036,0.0
p-0942,3,Early Universe Galaxies,astrophysics,0,0.0,-1.992430164690206,0.0
p-0943,8,Internal Temperature of Stars,brainteasers,1,0.8472978603872034,1.252762968495368,1.0
p-0944,4,Early Universe Galaxies,astrophysics,0,-0.7537718023763801,-0.7537718023763801,0.0
p-0945,8,Internal Temperature of Stars,brainteasers,0,0.9946225751440619,0.3313283577337977,1.0
p-0946,12,Little Red Dots,astrophysics,0,0.0,-0.2006706954621514,0.0
p-0947,19,Prefix-sum,coding,1,-0.8472978603872036,-1.466337068793427,0.0
p-0948,11,Little Red Dots,astrophysics,0,1.265666373331276,1.265666373331276,1.0
p-0949,13,Rust,coding,0,0.8472978603872034,0.0,
p-0950,17,ORM library,coding,1,0.0,0.6190392084062235,1.0
p-0951,10,Large Linear Structure,astrophysics,1,0.0,1.09861228866811,1.0
p-0952,21,Probability puzzle,brainteasers,0,-0.0800427076735365,1.185623665657739,1.0
p-0953,13,Rust,coding,1,0.0,-0.6190392084062236,0.0
p-0954,1,Bergs,brainteasers,0,-0.8472978603872036,0.0,
p-0955,15,Database deletion,coding,0,1.09861228866811,1.09861228866811,1.0
p-0956,5,Graviational Lens Modelling,astrophysics,0,1.450010175505999,2.602689685444384,1.0
p-0957,24,Switch,brainteasers,0,0.2006706954621514,0.4013413909243027,1.0
p-0958,18,ORM library,coding,0,-2.197224577336219,-1.349926716949016,0.0
p-0959,20,Prefix-sum,coding,0,-0.1201443118420633,0.7271535485451402,1.0
p-0960,4,Early Universe Galaxies,astrophysics,1,0.7537718023763803,0.7537718023763803,1.0
p-0961,5,Graviational Lens Modelling,astrophysics,1,0.4054651081081642,0.0,
p-0962,7,Internal Temperature of Stars,brainteasers,0,0.6190392084062236,0.8197099038683748,1.0
p-0963,18,ORM library,coding,0,-0.2411620568168881,-0.4418327522790395,0.0
p-0964,3,Early Universe Galaxies,astrophysics,0,0.8953840470548413,0.6947133515926899,1.0
p-0965,19,Prefix-sum,coding,1,1.734601055388106,0.6359887667199966,1.0
p-0966,1,Bergs,brainteasers,1,0.2411620568168882,1.088459917204092,1.0
p-0967,3,Early Universe Galaxies,astrophysics,1,1.992430164690206,0.8938178760220965,1.0
p-0968,20,Prefix-sum,coding,0,0.0,1.09861228866811,1.0
p-0969,7,Internal Temperature of Stars,brainteasers,1,1.09861228866811,1.09861228866811,1.0
p-0970,8,Internal Temperature of Stars,brainteasers,1,3.476098689835272,2.267787483910738,1.0
p-0971,15,Database deletion,coding,0,0.0,-0.7537718023763803,0.0
p-0972,5,Graviational Lens Modelling,astrophysics,1,0.2006706954621514,0.4013413909243027,1.0
p-0973,5,Graviational Lens Modelling,astrophysics,0,0.0,0.0,
p-0974,1,Bergs,brainteasers,0,-1.09861228866811,-0.4795730802618863,0.0
p-0975,14,Rust,coding,1,-0.2006706954621512,-0.2006706954621512,0.0
p-0976,4,Early Universe Galaxies,astrophysics,1,-0.04000533461369925,0.4073068834299655,1.0
p-0977,22,Probability puzzle,brainteasers,0,0.0,-1.09861228866811,0.0
p-0978,19,Prefix-sum,coding,0,0.8472978603872034,0.4418327522790392,1.0
p-0979,12,Little Red Dots,astrophysics,0,0.0,0.0,
p-0980,20,Prefix-sum,coding,0,-0.7537718023763801,0.09352605801082348,1.0
p-0981,24,Switch,brainteasers,1,0.2006706954621514,0.0,
p-0982,23,Switch,brainteasers,1,-0.6190392084062235,-0.819709903868375,0.0
p-0983,1,Bergs,brainteasers,0,-0.0800427076735365,0.2018084444674514,1.0
p-0984,5,Graviational Lens Modelling,astrophysics,1,-0.6190392084062235,0.04425500900404045,1.0
p-0985,20,Prefix-sum,coding,1,0.0,0.0,
p-0986,21,Probability puzzle,brainteasers,0,-4.59511985013459,-2.281484920953959,0.0
p-0987,22,Probability puzzle,brainteasers,0,0.6632942174102643,0.6632942174102643,1.0
p-0988,4,Early Universe Galaxies,astrophysics,0,0.0,-1.09861228866811,0.0
p-0989,20,Prefix-sum,coding,0,-0.8472978603872036,-0.8472978603872036,0.0
p-0990,15,Database deletion,coding,1,-2.94443897916644,-2.369074834262879,0.0
p-0991,1,Bergs,brainteasers,1,3.476098689835272,3.476098689835272,1.0
p-0992,17,ORM library,coding,1,-2.197224577336219,-1.349926716949016,0.0
p-0993,21,Probability puzzle,brainteasers,0,1.324925414743599,0.4776275543563953,1.0
p-0994,17,ORM library,coding,1,0.4473122180436648,-0.938982143076226,0.0
p-0995,14,Rust,coding,0,1.386294361119891,1.386294361119891,1.0
p-0996,18,ORM library,coding,0,0.8472978603872034,1.945910149055313,1.0
p-0997,2,Bergs,brainteasers,0,4.595119850134589,4.595119850134589,1.0
p-0998,20,Prefix-sum,coding,0,2.19722457733622,3.931825632724326,1.0
p-0999,2,Bergs,brainteasers,0,-0.6190392084062235,-2.005333569526115,0.0
p-1000,12,Little Red Dots,astrophysics,0,0.4054651081081642,0.4054651081081642,1.0
p-1001,11,Little Red Dots,astrophysics,0,1.734601055388106,0.6359887667199966,1.0
p-1002,4,Early Universe Galaxies,astrophysics,1,0.2006706954621514,0.819709903868375,1.0
p-1003,11,Little Red Dots,astrophysics,0,-0.2818511521409879,-0.2818511521409879,0.0
p-1004,11,Little Red Dots,astrophysics,1,2.19722457733622,0.8109302162163288,1.0
p-1005,1,Bergs,brainteasers,0,0.5753641449035619,-0.6903022284277142,0.0
p-1006,4,Early Universe Galaxies,astrophysics,1,1.386294361119891,1.185623665657739,1.0
p-1007,21,Probability puzzle,brainteasers,1,-4.59511985013459,-3.208825489014699,0.0
p-1008,7,Internal Temperature of Stars,brainteasers,1,2.442347035369205,2.442347035369205,1.0
p-1009,6,Graviational Lens Modelling,astrophysics,1,-1.09861228866811,-0.8979415932059586,0.0
p-1010,23,Switch,brainteasers,1,-1.658228076603532,1.093307236438417,1.0
p-1011,23,Switch,brainteasers,0,1.386294361119891,1.386294361119891,1.0
p-1012,21,Probability puzzle,brainteasers,1,4.595119850134589,2.397895272798369,1.0
p-1013,21,Probability puzzle,brainteasers,1,1.734601055388106,0.8873031950009029,1.0
p-1014,18,ORM library,coding,1,0.8472978603872034,-1.349926716949016,0.0
p-1015,7,Internal Temperature of Stars,brainteasers,0,1.386294361119891,1.586965056582042,1.0
p-1016,15,Database deletion,coding,1,-1.386294361119891,-1.791759469228055,0.0
p-1017,6,Graviational Lens Modelling,astrophysics,1,0.0,0.0,
p-1018,9,Large Linear Structure,astrophysics,1,0.1201443118420634,0.5256094199502277,1.0
p-1019,10,Large Linear Structure,astrophysics,1,0.0,0.0,
p-1020,16,Database deletion,coding,0,0.6632942174102643,-0.04489084051422176,0.0
p-1021,11,Little Red Dots,astrophysics,0,-1.386294361119891,-0.9808292530117263,0.0
p-1022,10,Large Linear Structure,astrophysics,0,2.19722457733622,0.0,
p-1023,23,Switch,brainteasers,1,-1.734601055388106,-0.6359887667199966,0.0
p-1024,14,Rust,coding,0,2.19722457733622,0.0,
p-1025,9,Large Linear Structure,astrophysics,1,0.0,0.04000533461369925,1.0
p-1026,22,Probability puzzle,brainteasers,1,-4.59511985013459,-4.59511985013459,0.0
p-1027,13,Rust,coding,1,-1.09861228866811,0.4177352006999788,1.0
p-1028,1,Bergs,brainteasers,1,0.2006706954621514,0.819709903868375,1.0
p-1029,12,Little Red Dots,astrophysics,0,0.2006706954621514,0.819709903868375,1.0
p-1030,16,Database deletion,coding,1,-1.152679509938386,-0.3989077075620054,0.0
p-1031,3,Early Universe Galaxies,astrophysics,0,2.19722457733622,-2.397895272798369,0.0
p-1032,20,Prefix-sum,coding,1,1.734601055388106,0.0,
p-1033,3,Early Universe Galaxies,astrophysics,1,1.324925414743599,0.9194603066354345,1.0
p-1034,11,Little Red Dots,astrophysics,0,0.8472978603872034,-0.5389965007326873,0.0
p-1035,3,Early Universe Galaxies,astrophysics,0,-0.2006706954621512,0.0,
p-1036,23,Switch,brainteasers,0,-0.6190392084062235,-0.2135741002980592,0.0
p-1037,1,Bergs,brainteasers,1,0.5753641449035619,-0.1784076574728184,0.0
p-1038,20,Prefix-sum,coding,0,1.386294361119891,2.772588722239782,1.0
p-1039,2,Bergs,brainteasers,0,-1.992430164690206,0.2047944126460128,1.0
p-1040,15,Database deletion,coding,1,-0.663294217410264,-0.8639649128724154,0.0
p-1041,10,Large Linear Structure,astrophysics,0,-0.8953840470548413,-0.8953840470548413,0.0
p-1042,4,Early Universe Galaxies,astrophysics,0,-0.6190392084062235,-0.6190392084062235,0.0
p-1043,22,Probability puzzle,brainteasers,0,-0.6190392084062235,-1.238078416812447,0.0
p-1044,20,Prefix-sum,coding,1,-2.197224577336219,-1.098612288668109,0.0
p-1045,17,ORM library,coding,1,0.4054651081081642,0.0,
p-1046,13,Rust,coding,1,-2.94443897916644,-1.55814461804655,0.0
p-1047,9,Large Linear Structure,astrophysics,0,-1.324925414743599,-0.7058862063373752,0.0
p-1048,17,ORM library,coding,0,0.0,1.09861228866811,1.0
p-1049,16,Database deletion,coding,0,-1.585627263740382,-1.585627263740382,0.0
p-1050,16,Database deletion,coding,1,-0.663294217410264,-0.663294217410264,0.0
p-1051,21,Probability puzzle,brainteasers,1,-4.59511985013459,-3.49650756146648,0.0
p-1052,24,Switch,brainteasers,0,4.595119850134589,0.0,
p-1053,6,Graviational Lens Modelling,astrophysics,1,-0.4054651081081643,-0.4054651081081643,0.0
p-1054,15,Database deletion,coding,0,1.386294361119891,1.627456417936779,1.0
p-1055,5,Graviational Lens Modelling,astrophysics,1,0.0,0.0,
p-1056,9,Large Linear Structure,astrophysics,1,0.8472978603872034,0.8472978603872034,1.0
p-1057,2,Bergs,brainteasers,0,2.090741096933769,1.427446879523505,1.0
p-1058,3,Early Universe Galaxies,astrophysics,1,1.386294361119891,0.5389965007326873,1.0
p-1059,10,Large Linear Structure,astrophysics,0,1.09861228866811,1.673976433571672,1.0
p-1060,6,Graviational Lens Modelling,astrophysics,1,0.4054651081081642,0.8109302162163285,1.0
p-1061,1,Bergs,brainteasers,0,1.734601055388106,0.5262898494635722,1.0
p-1062,13,Rust,coding,1,0.8472978603872034,0.8472978603872034,1.0
p-1063,14,Rust,coding,1,0.2006706954621514,0.0,
p-1064,20,Prefix-sum,coding,0,1.09861228866811,-0.2263131260754889,0.0
p-1065,23,Switch,brainteasers,0,0.8472978603872034,0.646627164925052,1.0
p-1066,22,Probability puzzle,brainteasers,0,-1.045968555182688,-0.3826743377724237,0.0
p-1067,20,Prefix-sum,coding,1,1.09861228866811,1.545924506711775,1.0
p-1068,22,Probability puzzle,brainteasers,0,-0.8472978603872036,-2.58189891577531,0.0
p-1069,24,Switch,brainteasers,0,-0.663294217410264,-0.663294217410264,0.0
p-1070,12,Little Red Dots,astrophysics,1,-1.734601055388106,-0.8873031950009028,0.0
p-1071,13,Rust,coding,0,-0.2006706954621512,-0.2006706954621512,0.0
p-1072,22,Probability puzzle,brainteasers,1,0.8472978603872034,0.4418327522790392,1.0
p-1073,12,Little Red Dots,astrophysics,1,-0.6190392084062235,-0.6190392084062235,0.0
p-1074,21,Probability puzzle,brainteasers,1,0.8472978603872034,0.4418327522790392,1.0
p-1075,9,Large Linear Structure,astrophysics,1,-2.586689344097942,-0.7713993774596932,0.0
p-1076,18,ORM library,coding,1,0.0,0.0,
p-1077,7,Internal Temperature of Stars,brainteasers,0,1.815289966638249,2.662587827025452,1.0
p-1078,10,Large Linear Structure,astrophysics,1,-2.197224577336219,-1.349926716949016,0.0
p-1079,9,Large Linear Structure,astrophysics,1,-0.4054651081081643,-0.4054651081081643,0.0
p-1080,11,Little Red Dots,astrophysics,0,0.8472978603872034,0.646627164925052,1.0
p-1081,24,Switch,brainteasers,1,2.19722457733622,0.0,
p-1082,16,Database deletion,coding,0,-1.09861228866811,-0.6931471805599455,0.0
p-1083,13,Rust,coding,1,-0.04000533461369925,0.0,
p-1084,8,Internal Temperature of Stars,brainteasers,1,1.386294361119891,1.386294361119891,1.0
p-1085,8,Internal Temperature of Stars,brainteasers,0,-0.8472978603872036,-0.8472978603872036,0.0
p-1086,19,Prefix-sum,coding,1,-0.4054651081081643,-0.4054651081081643,0.0
p-1087,23,Switch,brainteasers,1,-4.59511985013459,-4.189654742026425,0.0
p-1088,18,ORM library,coding,0,-0.3227733922630512,-0.5234440877252026,0.0
p-1089,14,Rust,coding,1,0.2818511521409875,0.08118045667883608,1.0
p-1090,13,Rust,coding,0,0.0,0.0,
p-1091,9,Large Linear Structure,astrophysics,0,-0.4054651081081643,0.9808292530117263,1.0
p-1092,9,Large Linear Structure,astrophysics,1,0.6190392084062236,-0.2282586519809798,0.0
p-1093,7,Internal Temperature of Stars,brainteasers,0,2.090741096933769,2.05073576232007,1.0
p-1094,7,Internal Temperature of Stars,brainteasers,1,0.9946225751440619,0.05016096630321065,1.0
p-1095,3,Early Universe Galaxies,astrophysics,0,0.4054651081081642,-0.2135741002980594,0.0
p-1096,10,Large Linear Structure,astrophysics,0,1.734601055388106,3.120895416507997,1.0
p-1097,8,Internal Temperature of Stars,brainteasers,0,-0.8953840470548413,-0.489918938946677,0.0
p-1098,2,Bergs,brainteasers,0,1.265666373331276,-0.3925617032722561,0.0
p-1099,18,ORM library,coding,1,2.944438979166439,2.944438979166439,1.0
p-1100,18,ORM library,coding,0,-0.5322168137473082,-1.195511031157573,0.0
p-1101,23,Switch,brainteasers,1,-0.6190392084062235,-0.6190392084062235,0.0
p-1102,14,Rust,coding,1,0.8472978603872034,0.8472978603872034,1.0
p-1103,1,Bergs,brainteasers,1,-0.4473122180436648,-0.1654610659026769,0.0
p-1104,11,Little Red Dots,astrophysics,1,-1.386294361119891,-1.063520968856839,0.0
p-1105,12,Little Red Dots,astrophysics,1,-1.324925414743599,1.619513564422842,1.0
p-1106,8,Internal Temperature of Stars,brainteasers,1,2.19722457733622,6.792344427470809,1.0
p-1107,9,Large Linear Structure,astrophysics,1,-0.8472978603872036,-0.8472978603872036,0.0
p-1108,1,Bergs,brainteasers,1,4.595119850134589,3.27019443539099,1.0
p-1109,12,Little Red Dots,astrophysics,0,1.386294361119891,2.233592221507094,1.0
p-1110,24,Switch,brainteasers,0,0.4054651081081642,-0.5891574670358977,0.0
p-1111,16,Database deletion,coding,0,0.0,-0.6190392084062236,0.0
p-1112,16,Database deletion,coding,0,0.708185057924486,0.2186368326057803,1.0
p-1113,9,Large Linear Structure,astrophysics,0,0.0,-0.4054651081081642,0.0
p-1114,5,Graviational Lens Modelling,astrophysics,0,1.900958761193047,1.495493653084883,1.0
p-1115,22,Probability puzzle,brainteasers,0,1.450010175505999,0.830970967099775,1.0
p-1116,13,Rust,coding,1,0.0,0.0,
p-1117,12,Little Red Dots,astrophysics,0,0.6190392084062236,0.6190392084062236,1.0
p-1118,4,Early Universe Galaxies,astrophysics,0,0.6190392084062236,0.2135741002980594,1.0
p-1119,12,Little Red Dots,astrophysics,0,2.19722457733622,1.349926716949016,1.0
p-1120,2,Bergs,brainteasers,0,2.090741096933769,-0.1064834804024501,0.0
p-1121,23,Switch,brainteasers,1,0.4054651081081642,-0.3483066942682161,0.0
p-1122,11,Little Red Dots,astrophysics,1,0.0,2.751535313041949,1.0
p-1123,10,Large Linear Structure,astrophysics,0,4.595119850134589,2.860518794746483,1.0
p-1124,3,Early Universe Galaxies,astrophysics,0,-0.8001193001121131,-0.8001193001121131,0.0
p-1125,14,Rust,coding,0,-0.4054651081081643,-1.791759469228055,0.0
p-1126,1,Bergs,brainteasers,0,0.0,0.4054651081081643,1.0
p-1127,3,Early Universe Galaxies,astrophysics,1,2.442347035369205,1.99503481732554,1.0
p-1128,17,ORM library,coding,0,-0.6190392084062235,0.4795730802618863,1.0
p-1129,2,Bergs,brainteasers,1,-4.59511985013459,-2.397895272798371,0.0
p-1130,11,Little Red Dots,astrophysics,1,0.8472978603872034,0.646627164925052,1.0
p-1131,4,Early Universe Galaxies,astrophysics,0,0.0,0.0,
p-1132,8,Internal Temperature of Stars,brainteasers,0,4.595119850134589,0.0,
p-1133,22,Probability puzzle,brainteasers,1,4.595119850134589,4.595119850134589,1.0
p-1134,11,Little Red Dots,astrophysics,1,0.6190392084062236,0.6190392084062236,1.0
p-1135,13,Rust,coding,0,0.8472978603872034,-0.2513144282809063,0.0
p-1136,10,Large Linear Structure,astrophysics,1,0.9444616088408513,1.563500817247075,1.0
p-1137,3,Early Universe Galaxies,astrophysics,0,1.09861228866811,0.6931471805599456,1.0
p-1138,5,Graviational Lens Modelling,astrophysics,1,0.0,-0.4054651081081642,0.0
p-1139,15,Database deletion,coding,0,0.0,-0.2006706954621514,0.0
p-1140,7,Internal Temperature of Stars,brainteasers,0,4.595119850134589,2.397895272798369,1.0
p-1141,11,Little Red Dots,astrophysics,1,0.8953840470548413,0.8953840470548413,1.0
p-1142,4,Early Universe Galaxies,astrophysics,1,0.4054651081081642,-0.9808292530117266,0.0
p-1143,19,Prefix-sum,coding,0,-1.152679509938386,-1.152679509938386,0.0
p-1144,20,Prefix-sum,coding,1,0.0,1.734601055388106,1.0
p-1145,12,Little Red Dots,astrophysics,1,0.8472978603872034,-0.2513144282809063,0.0
p-1146,1,Bergs,brainteasers,1,-0.4054651081081643,0.9808292530117263,1.0
p-1147,19,Prefix-sum,coding,0,0.6190392084062236,0.0,
p-1148,5,Graviational Lens Modelling,astrophysics,0,0.0,0.0,
p-1149,20,Prefix-sum,coding,1,0.0,0.8472978603872036,1.0
p-1150,6,Graviational Lens Modelling,astrophysics,0,-4.59511985013459,-3.747821989747386,0.0
p-1151,7,Internal Temperature of Stars,brainteasers,0,4.595119850134589,4.394449154672437,1.0
p-1152,16,Database deletion,coding,1,1.386294361119891,0.4909103140650495,1.0
p-1153,24,Switch,brainteasers,0,0.5753641449035619,-0.2719337154836415,0.0
p-1154,2,Bergs,brainteasers,0,0.5322168137473082,-0.3150810466398952,0.0
p-1155,19,Prefix-sum,coding,1,0.8472978603872034,0.8472978603872034,1.0
p-1156,14,Rust,coding,1,0.0,0.0,
p-1157,4,Early Universe Galaxies,astrophysics,0,-0.3227733922630512,0.2962658161431723,1.0
p-1158,2,Bergs,brainteasers,1,-2.313634929180631,-3.067406731557011,0.0
p-1159,16,Database deletion,coding,0,-2.197224577336219,-2.997343877448332,0.0
p-1160,7,Internal Temperature of Stars,brainteasers,0,-0.3639653772014119,0.4833324831857916,1.0
p-1161,8,Internal Temperature of Stars,brainteasers,0,0.0,0.0,
p-1162,19,Prefix-sum,coding,1,0.8472978603872034,-0.8873031950009029,0.0
p-1163,18,ORM library,coding,0,-0.8001193001121131,-0.8001193001121131,0.0
p-1164,1,Bergs,brainteasers,1,-0.2006706954621512,0.4183685129440723,1.0
p-1165,5,Graviational Lens Modelling,astrophysics,0,0.3227733922630509,-0.08269171584511337,0.0
p-1166,18,ORM library,coding,0,1.734601055388106,0.0,
p-1167,9,Large Linear Structure,astrophysics,1,-0.8472978603872036,-1.694595720774407,0.0
p-1168,7,Internal Temperature of Stars,brainteasers,1,0.6632942174102643,-1.329135947279942,0.0
p-1169,9,Large Linear Structure,astrophysics,1,4.595119850134589,0.0,
p-1170,24,Switch,brainteasers,1,2.19722457733622,1.09861228866811,1.0
p-1171,21,Probability puzzle,brainteasers,0,-2.197224577336219,2.397895272798371,1.0
p-1172,12,Little Red Dots,astrophysics,1,-1.09861228866811,-1.09861228866811,0.0
p-1173,24,Switch,brainteasers,0,0.08004270767353656,-0.538996500732687,0.0
p-1174,10,Large Linear Structure,astrophysics,1,0.4054651081081642,1.504077396776274,1.0
p-1175,19,Prefix-sum,coding,1,1.658228076603532,6.253347926738122,1.0
p-1176,4,Early Universe Galaxies,astrophysics,1,1.045968555182688,0.1986706947954842,1.0
p-1177,22,Probability puzzle,brainteasers,0,0.0,0.0,
p-1178,14,Rust,coding,0,0.0,-0.6190392084062236,0.0
p-1179,7,Internal Temperature of Stars,brainteasers,1,0.8472978603872034,0.8072925257735042,1.0
p-1180,17,ORM library,coding,0,2.19722457733622,1.489039519411734,1.0
p-1181,19,Prefix-sum,coding,0,0.0,0.0,
p-1182,6,Graviational Lens Modelling,astrophysics,0,-2.090741096933769,-1.808889944792782,0.0
p-1183,10,Large Linear Structure,astrophysics,1,0.0,0.0,
p-1184,5,Graviational Lens Modelling,astrophysics,0,0.0,0.0,
p-1185,3,Early Universe Galaxies,astrophysics,0,0.7537718023763803,0.04558674445189426,1.0
p-1186,22,Probability puzzle,brainteasers,1,-2.197224577336219,-2.905409635260705,0.0
p-1187,9,Large Linear Structure,astrophysics,0,0.6190392084062236,0.6190392084062236,1.0
p-1188,17,ORM library,coding,0,0.0,-0.6632942174102643,0.0
p-1189,18,ORM library,coding,0,-0.6190392084062235,-0.6190392084062235,0.0
p-1190,13,Rust,coding,1,0.0,0.0,
p-1191,24,Switch,brainteasers,1,2.19722457733622,1.791759469228055,1.0
p-1192,7,Internal Temperature of Stars,brainteasers,0,2.944438979166439,1.558144618046549,1.0
p-1193,7,Internal Temperature of Stars,brainteasers,0,2.751535313041948,0.4379003838613169,1.0
p-1194,17,ORM library,coding,1,2.090741096933769,-0.1064834804024501,0.0
p-1195,12,Little Red Dots,astrophysics,1,0.0,0.0,
p-1196,8,Internal Temperature of Stars,brainteasers,1,-1.045968555182688,-0.198670694795484,0.0
p-1197,17,ORM library,coding,1,1.208311205924534,0.3610133455373308,1.0
p-1198,22,Probability puzzle,brainteasers,0,0.2006706954621514,0.2006706954621514,1.0
p-1199,13,Rust,coding,1,0.2006706954621514,0.1606653608484522,1.0
p-1200,18,ORM library,coding,0,0.0,0.4054651081081643,1.0
p-1201,12,Little Red Dots,astrophysics,0,0.0,0.0,
p-1202,11,Little Red Dots,astrophysics,1,-0.2006706954621512,0.204794412646013,1.0
p-1203,6,Graviational Lens Modelling,astrophysics,1,1.09861228866811,0.2032282416132685,1.0
p-1204,18,ORM library,coding,0,1.09861228866811,1.504077396776274,1.0
p-1205,16,Database deletion,coding,0,-0.4054651081081643,-1.349926716949016,0.0
p-1206,4,Early Universe Galaxies,astrophysics,1,0.4054651081081642,0.2047944126460128,1.0
p-1207,5,Graviational Lens Modelling,astrophysics,1,0.3639653772014115,1.117737179577792,1.0
p-1208,18,ORM library,coding,1,0.0,0.0,
p-1209,4,Early Universe Galaxies,astrophysics,0,-1.386294361119891,-2.484906649788,0.0
p-1210,5,Graviational Lens Modelling,astrophysics,0,-0.6190392084062235,-0.3371880562652356,0.0
p-1211,23,Switch,brainteasers,1,0.0,0.0,
p-1212,22,Probability puzzle,brainteasers,1,-2.197224577336219,0.0,
p-1213,24,Switch,brainteasers,0,-3.476098689835273,-1.278874112499054,0.0
p-1214,3,Early Universe Galaxies,astrophysics,1,0.0,0.0,
p-1215,8,Internal Temperature of Stars,brainteasers,1,0.8953840470548413,0.09526474694272846,1.0
p-1216,17,ORM library,coding,1,0.4054651081081642,-0.2135741002980594,0.0
p-1217,2,Bergs,brainteasers,0,-1.386294361119891,-0.9808292530117263,0.0
p-1218,18,ORM library,coding,0,-1.045968555182688,-0.3826743377724237,0.0
p-1219,2,Bergs,brainteasers,0,4.595119850134589,5.442417710521792,1.0
p-1220,13,Rust,coding,1,-0.6190392084062235,-0.819709903868375,0.0
p-1221,13,Rust,coding,0,-0.1201443118420633,-0.6955084567456252,0.0
p-1222,4,Early Universe Galaxies,astrophysics,1,1.386294361119891,0.9808292530117266,1.0
p-1223,23,Switch,brainteasers,0,-1.09861228866811,0.6359887667199966,1.0
p-1224,13,Rust,coding,0,1.658228076603532,-0.5389965007326873,0.0
p-1225,19,Prefix-sum,coding,1,1.09861228866811,1.09861228866811,1.0
p-1226,23,Switch,brainteasers,0,-0.4054651081081643,-1.252762968495368,0.0
p-1227,4,Early Universe Galaxies,astrophysics,0,0.0,-0.1603426500751795,0.0
p-1228,14,Rust,coding,1,-0.4054651081081643,-0.4054651081081643,0.0
p-1229,8,Internal Temperature of Stars,brainteasers,0,-1.450010175505998,-0.06371581438610785,0.0
p-1230,21,Probability puzzle,brainteasers,1,0.9444616088408513,-0.1541506798272585,0.0
p-1231,4,Early Universe Galaxies,astrophysics,1,0.2006706954621514,-0.2047944126460128,0.0
p-1232,7,Internal Temperature of Stars,brainteasers,1,0.0,0.04000533461369925,1.0
p-1233,17,ORM library,coding,0,0.2006706954621514,0.6061358035703157,1.0
p-1234,2,Bergs,brainteasers,1,2.090741096933769,0.4325130203302372,1.0
p-1235,19,Prefix-sum,coding,0,0.8472978603872034,0.646627164925052,1.0
p-1236,9,Large Linear Structure,astrophysics,0,-0.0800427076735365,1.018569580994573,1.0
p-1237,21,Probability puzzle,brainteasers,0,-1.900958761193047,-0.3846112718249584,0.0
p-1238,3,Early Universe Galaxies,astrophysics,1,2.944438979166439,2.325399770760216,1.0
p-1239,20,Prefix-sum,coding,1,-0.4054651081081643,0.4418327522790393,1.0
p-1240,5,Graviational Lens Modelling,astrophysics,1,0.6190392084062236,-0.7672551527136672,0.0
p-1241,20,Prefix-sum,coding,0,0.0,0.0,
p-1242,11,Little Red Dots,astrophysics,0,1.734601055388106,1.734601055388106,1.0
p-1243,13,Rust,coding,0,-0.4054651081081643,-1.504077396776274,0.0
p-1244,20,Prefix-sum,coding,1,0.8472978603872034,0.2282586519809798,1.0
p-1245,6,Graviational Lens Modelling,astrophysics,1,-2.586689344097942,-2.586689344097942,0.0
p-1246,23,Switch,brainteasers,0,0.0,0.0,
p-1247,15,Database deletion,coding,0,1.386294361119891,2.484906649788001,1.0
p-1248,15,Database deletion,coding,0,-1.585627263740382,-0.7383294033531781,0.0
p-1249,16,Database deletion,coding,1,-0.2006706954621512,-0.5646360726635627,0.0
p-1250,6,Graviational Lens Modelling,astrophysics,0,0.8472978603872034,0.2282586519809798,1.0
p-1251,11,Little Red Dots,astrophysics,0,2.090741096933769,2.090741096933769,1.0
p-1252,16,Database deletion,coding,1,0.6190392084062236,0.4183685129440722,1.0
p-1253,6,Graviational Lens Modelling,astrophysics,0,0.0,0.0,
p-1254,20,Prefix-sum,coding,1,1.09861228866811,1.09861228866811,1.0
p-1255,11,Little Red Dots,astrophysics,0,0.2006706954621514,0.2006706954621514,1.0
p-1256,23,Switch,brainteasers,0,0.0,-1.386294361119891,0.0
p-1257,13,Rust,coding,0,1.386294361119891,1.386294361119891,1.0
p-1258,22,Probability puzzle,brainteasers,1,-4.59511985013459,0.0,
p-1259,10,Large Linear Structure,astrophysics,0,0.0,-0.2006706954621514,0.0
p-1260,20,Prefix-sum,coding,1,-1.734601055388106,-1.329135947279942,0.0
p-1261,18,ORM library,coding,1,0.0,0.2006706954621512,1.0
p-1262,11,Little Red Dots,astrophysics,0,0.4895482253187058,0.08408311721054157,1.0
p-1263,24,Switch,brainteasers,1,0.0,-0.4054651081081642,0.0
p-1264,10,Large Linear Structure,astrophysics,0,0.0,3.178053830347945,1.0
p-1265,20,Prefix-sum,coding,1,0.2006706954621514,-1.124254719281447,0.0
p-1266,16,Database deletion,coding,1,0.0,-0.8472978603872034,0.0
p-1267,6,Graviational Lens Modelling,astrophysics,0,-1.386294361119891,-0.538996500732687,0.0
p-1268,17,ORM library,coding,0,0.6190392084062236,0.6190392084062236,1.0
p-1269,22,Probability puzzle,brainteasers,1,-1.734601055388106,0.4626235219481127,1.0
p-1270,5,Graviational Lens Modelling,astrophysics,1,1.386294361119891,0.7672551527136672,1.0
p-1271,20,Prefix-sum,coding,0,-2.94443897916644,-2.097141118779237,0.0
p-1272,5,Graviational Lens Modelling,astrophysics,1,1.09861228866811,0.0,
p-1273,23,Switch,brainteasers,0,-0.2006706954621512,0.6466271649250523,1.0
p-1274,14,Rust,coding,0,0.0,0.0,
p-1275,16,Database deletion,coding,1,0.0,0.0,
p-1276,11,Little Red Dots,astrophysics,0,0.0,-4.595119850134589,0.0
p-1277,11,Little Red Dots,astrophysics,0,0.0,0.2006706954621512,1.0
p-1278,17,ORM library,coding,0,0.6190392084062236,-0.2282586519809798,0.0
p-1279,18,ORM library,coding,1,-0.6190392084062235,-1.108587433724929,0.0
p-1280,15,Database deletion,coding,0,1.152679509938386,-2.02537432040956,0.0
p-1281,11,Little Red Dots,astrophysics,0,1.09861228866811,0.0,
p-1282,7,Internal Temperature of Stars,brainteasers,1,2.944438979166439,0.0,
